DrugBankID,Name,AI,Pharma,Unnamed: 0,Drug Groups,Toxicity,Total Score,Non Mech Score,Entry Score,Fusion Score,Replication Score,SNet,Corona (MLP),Entry (MLP),Replication (MLP),Fusion (MLP),kinase,anti-inflamatory,immunosuppressant,vasodilating,Mammal,EC50 Target,IC50 Target,Kd Target,Ki Target,URL,DrugBankURL
DB00171,ATP,1,0,BDBM50192459,investigational; nutraceutical,,0.31,0.51,0.1,0.08,0.22,0.04,0.49,0.19,0.44,0.16,0.0,0.0,0.0,0.0,1.0,,P11142 P0DMV8 Q13155,,,https://www.bindingdb.org/bind/chemsearch/marvin/MolStructure.jsp?monomerid=50192459,https://www.drugbank.ca/drugs/DB00171
DB12001,Abemaciclib,1,1,BDBM50110183,approved; investigational,0.33,0.86,0.91,0.83,0.04,0.35,0.54,0.81,0.91,0.38,0.05,1.0,0.0,0.0,0.0,1.0,,P06493 P14635 Q15078 Q00535 P11802 P24385,,Q00534 P30281 P24941 P24864 P11802 P24385 P06493 P14635 P51946 P50613 P51948 O60563 P50750,https://www.bindingdb.org/bind/chemsearch/marvin/MolStructure.jsp?monomerid=50110183,https://www.drugbank.ca/drugs/DB12001
DB00173,Adenine,1,1,BDBM33218,approved; nutraceutical,,0.32,0.49,0.05,0.03,0.29,0.42,0.13,0.1,0.59,0.05,0.0,0.0,0.0,0.0,1.0,,P08238 P47989 P06493,,,https://www.bindingdb.org/bind/chemsearch/marvin/MolStructure.jsp?monomerid=33218,https://www.drugbank.ca/drugs/DB00173
DB00131,Adenosine phosphate,1,0,BDBM61258,approved; investigational; nutraceutical,,0.16,0.32,0.02,0.04,0.12,0.17,0.18,0.06,0.37,0.13,0.0,0.0,0.0,0.0,1.0,P49841,P63279 Q9UBE0 Q01970 P08487 P09619 P10686 P19174 P21802,,,https://www.bindingdb.org/bind/chemsearch/marvin/MolStructure.jsp?monomerid=61258,https://www.drugbank.ca/drugs/DB00131
DB08916,Afatinib,1,1,BDBM50322823,approved,0.32,0.07,0.51,0.03,0.03,0.02,0.49,0.04,0.05,0.03,0.06,1.0,0.0,0.0,0.0,1.0,,P00533 P04626 Q15303 P21860,P36888 P00519 Q15349 Q6DT37 P42336 P00533 P22607 Q9P2K8 P23458 P10721 Q13554 Q9UF33 Q8N4C8 Q9UK32 P24723 Q8TDC3 P53355 P06213 P29597 P07949 O75582 Q9UEE5 Q13976 O75116 P15056 Q8WXR4 P08581 Q15746 Q15418 P78362 Q9BZL6 Q09013 Q96GD4 Q9Y616 Q04912 Q59H18 Q9UQ88 O14757 Q9UQM7 P11802 Q9Y6R4 O15111 Q96RR4 P35916 Q2M2I8 Q5S007 P21709 O00238 Q13873 Q00526 P50750 P78368 O43293 O75460 O14920 P51617 P27037 P31751 P30530 P51451 P51813 Q16566 P24941 P50613 Q9Y2U5 Q9NYY3 O14578 Q15208 Q96PY6 Q9UKI8 O94921 O60331 Q9UEW8 Q9UHD2 Q96BR1 Q14164 P14616 O00444 Q9UIK4 Q9UPE1 Q9HC98 Q9BQI3 Q9NRM7 P57058 Q8IYT8 Q9H2G2 Q14680 O60285 Q9UPZ9 Q9Y2H9 Q9Y2H1 Q9UKE5 Q9H0K1 Q9NRP7 Q9NWZ3 Q9UL54 Q9UBE8 Q9H2K8 Q9P289 Q8NEV4 P29323 Q7KZI7 Q9HBH9 Q9NSY1 Q9BX84 Q9NRH2 Q9BVS4 Q9NY57 Q9P0L2 P49840 Q9NQU5 Q8NI60 Q9P286 Q8IU85 Q96NX5 P29322 P49759 Q16288 P53778 Q12866 Q9UQB9 Q13557 Q86UE8 Q13131 O75716 Q00537 Q16832 P37023 Q06187 P52333 Q14289 P57059 Q86UX6 Q8NFD2 P54756 Q32MK0 Q99640 P32298 Q6P3R8 P29376 P43403 Q16512 P0C1S8 P0C264 Q6XUX3 P61075 P15735 Q15831 Q02763 P08069 Q6ZN16 O96017 P04626 Q07912 P04629 Q86YV6 O96013 Q52WX2 Q8N568 Q15303 Q92918 Q04771 Q13705 Q8WU08 Q8IVW4 Q9BUB5 Q99755 P57078 Q9HAZ1 Q7L7X3 Q9HCP0 Q9H2X6 P22455 P21802 P11362 Q8TBX8 Q96D53 Q56UN5 P36507 Q9BYT3 Q9H093 Q96L34 Q9BRS2 Q9BXA7 Q8N5S9 P49137 Q8TD19 Q9H1R3 P80192 Q9C098 P9WI81 Q9H3Y6 Q8TDR2 Q13627 Q8TDX7 Q9NYL2 P48730 P45984 Q96Q40 Q8WTQ7 Q8NE63 Q13163 O14733 Q8N752 O43318 O95819 Q8NG66 Q86Z02 P06241 Q05397 Q15759 P53779 O15264 Q02750 P46734 Q6FI23 P52564 P19525 Q15835 P08922 P45985 Q96SB4 P51957 O76039 P23443 P43405 P42680 P37173 P33981 P42681 P30291 P78356 O75385 Q9Y6E0 Q92630 O14965 Q5VT25 Q8IVH8 Q14012 Q8IW41 O14936 Q14004 Q13546 O43353 O14730 Q13523 Q92772 Q8IWQ3 Q13470 P49761 P49760 Q9H4B4 O94768 P36896 Q9UM73 P36894 P41240 Q9Y6M4 P29317 P54764 P54762 P54753 P54760 O15197 O75747 Q12851 P51812 O95382 O95835 Q9Y463 O43283 Q00535 P42345 O60674 O00329 P53350 P51817 O95747 P42684 P31749 P07333 P48729 P49674 P68400 P19784 Q08345 P21860 P07332 P17948 L7RSL3 P42685 P49841 P08631 P35968 P53667 P07948 P42679 Q99759 Q16584 Q02779 P51955 P51956 Q13153 Q13177 O75914 P29320 P16591 P09769 O14976 P06239 Q02156 Q13464 P12931 P35590 P07947 Q9Y243 Q08881 P53671 O15146 Q9H422 O94806 P20794 Q99683 Q13882 O94804 Q9Y5S2 Q16620 Q00536 P16234 Q16816 P42338 P09619 O15530 O00750 P11309 P48736 Q9UBF8 P17612 P22694 P41743 Q15139 P27361 P31152 Q16659 Q13164 P45983 P54646 Q05655 Q16513 Q04759 Q13237 Q13188 Q13043 Q15569 Q06418 Q86Y07 Q12852 O00506 P28482 Q8IY84 Q86V86 Q6PHR2 O15075 P47811 Q16539 O08679 P04049 P36897 P38445 P49336 Q9P1W9,,https://www.bindingdb.org/bind/chemsearch/marvin/MolStructure.jsp?monomerid=50322823,https://www.drugbank.ca/drugs/DB08916
DB11363,Alectinib,1,1,BDBM50362781,approved; investigational,0.32,0.17,0.61,0.11,0.05,0.03,0.44,0.3,0.18,0.05,0.08,1.0,0.0,0.0,0.0,1.0,,Q9UM73 P07949 P40989 P08581 P10721 P35968,,,https://www.bindingdb.org/bind/chemsearch/marvin/MolStructure.jsp?monomerid=50362781,https://www.drugbank.ca/drugs/DB11363
DB12015,Alpelisib,1,0,BDBM50436459,approved; investigational,0.36,0.16,0.46,0.03,0.12,0.03,0.31,0.22,0.07,0.07,0.25,0.0,0.0,0.0,0.0,1.0,,P42336 P04637 O00329 P08684 P42338 P48736 Q13315 Q13535 P42345 Q8NEB9 P78527,,,https://www.bindingdb.org/bind/chemsearch/marvin/MolStructure.jsp?monomerid=50436459,https://www.drugbank.ca/drugs/DB12015
DB00681,Amphotericin B,0,1,BDBM83198,approved; investigational,0.24,0.02,0.1,0.01,0.01,0.0,0.04,0.07,0.06,0.03,0.07,0.0,0.0,0.0,0.0,1.0,,Q9GZU7,,,https://www.bindingdb.org/bind/chemsearch/marvin/MolStructure.jsp?monomerid=83198,https://www.drugbank.ca/drugs/DB00681
DB00126,Ascorbic acid,0,1,BDBM50090256,approved; nutraceutical,,0.01,0.05,0.0,0.0,0.0,0.02,0.02,0.05,0.03,0.05,0.0,0.0,0.0,0.0,1.0,P18089,,,Q5NIC0,https://www.bindingdb.org/bind/chemsearch/marvin/MolStructure.jsp?monomerid=50090256,https://www.drugbank.ca/drugs/DB00126
DB06626,Axitinib,1,1,BDBM25117,approved; investigational,0.41,0.17,0.66,0.05,0.08,0.05,0.57,0.22,0.07,0.08,0.12,1.0,0.0,0.0,0.0,1.0,,Q9UHD2 P00519 P35968 O00444 Q9H4B4 Q9NYY3 P53350 P00520,P36888 P42336 P06213 Q9P2K8 P00519 P22607 P00533 Q5S007 Q6DT37 Q8N4C8 Q9Y616 Q13554 P10721 Q8TDC3 Q15746 P53355 Q15349 P07949 P11802 Q9UF33 P29597 O75582 P23458 P78362 P15056 O75116 Q13976 Q8WXR4 P08581 Q9BZL6 Q15418 Q9Y6R4 P24723 Q09013 O14757 Q9UEE5 Q9UQ88 Q59H18 Q9UK32 Q04912 Q96GD4 Q2M2I8 Q96RR4 O15111 P35916 Q9UQM7 P21709 P42685 P49841 P08631 P35968 P53667 P07948 P42679 Q99759 Q16584 Q02779 P51955 P51956 Q13153 Q13177 O75914 P09619 O15530 O00750 P11309 P48736 Q9UBF8 P17612 P22694 P41743 Q15139 P27361 P31152 Q16659 Q13164 P45983 Q15759 P53779 O15264 Q02750 P46734 Q6FI23 P52564 P19525 Q15835 P08922 P45985 Q96SB4 P51957 O76039 P23443 P43405 P42680 P37173 P33981 P42681 P30291 P78356 O75385 Q9Y6E0 Q92630 O14965 Q5VT25 Q8IVH8 Q14012 Q8IW41 O14936 Q14004 Q13546 O43353 O14730 Q13523 Q8IWQ3 Q13470 P49761 P49760 Q9H4B4 O94768 P36896 Q9UM73 P36894 P41240 Q16513 Q04759 Q13237 Q13188 Q13043 Q15569 Q06418 Q86Y07 Q12852 O00506 Q9Y2U5 Q9NYY3 O14578 Q15208 Q96PY6 Q9UKI8 O94921 O60331 Q9UEW8 Q9UHD2 Q96BR1 Q14164 P14616 O00444 Q9UIK4 Q9UPE1 Q9HC98 Q9BQI3 Q9NRM7 P57058 Q8IYT8 Q9H2G2 Q14680 O60285 Q9UPZ9 Q9Y2H9 Q9Y2H1 Q9UKE5 Q9H0K1 Q9NRP7 Q9NWZ3 Q9UL54 Q9UBE8 Q9H2K8 Q9P289 Q8NEV4 P29323 Q7KZI7 Q9HBH9 Q9NSY1 Q9BX84 Q9NRH2 Q9BVS4 Q9NY57 Q9P0L2 P49840 Q9NQU5 Q8NI60 Q9P286 Q8IU85 Q96NX5 P29322 P57078 Q9HAZ1 Q7L7X3 Q9HCP0 Q9H2X6 P22455 P21802 P11362 Q8TBX8 Q96D53 Q56UN5 P36507 Q9BYT3 Q9H093 Q96L34 Q9BRS2 Q9BXA7 Q8N5S9 P49137 Q8TD19 Q9H1R3 P80192 Q9C098 P9WI81 Q9H3Y6 Q8TDR2 Q13627 Q8TDX7 Q9NYL2 P28482 P48730 P45984 Q96Q40 Q8WTQ7 Q8NE63 Q13163 O14733 Q8N752 O43318 O95819 Q8NG66 Q86Z02 P06241 Q8IY84 Q05397 Q14289 P57059 Q86UX6 Q8NFD2 P54756 Q32MK0 Q99640 P32298 Q6P3R8 P29376 P43403 Q16512 P0C1S8 P0C264 Q6XUX3 P61075 Q9Y6M4 P29317 P54764 P54762 P54753 P54760 O15197 O75747 Q12851 P51812 O95382 O95835 Q9Y463 O43283 O15075 Q00535 P42345 O60674 O00329 P53350 P51817 O95747 P42684 P31749 P07333 P29320 P16591 P09769 O14976 P06239 Q02156 Q13464 P12931 P35590 P07947 Q9Y243 Q08881 P53671 O15146 Q9H422 O94806 P20794 Q99683 Q13882 O94804 Q9Y5S2 Q16620 Q00536 P16234 Q16816 P42338 P54646 Q05655 P49759 Q16288 P53778 Q12866 Q9UQB9 Q13557 Q86UE8 Q13131 O75716 Q00537 P37023 Q06187 P52333 P15735 Q15831 Q02763 P08069 Q6ZN16 Q86V86 O96017 P04626 Q07912 P04629 Q86YV6 O96013 Q52WX2 Q8N568 Q15303 Q92918 Q6PHR2 Q04771 Q13705 Q8WU08 Q8IVW4 Q9BUB5 Q99755 O00238 Q13873 Q00526 P50750 P78368 O43293 O75460 O14920 P51617 P27037 P31751 P30530 P51451 P51813 Q16566 P24941 P50613 P48729 P49674 P68400 P19784 Q08345 P21860 P07332 P17948 L7RSL3 Q16832 Q92772 P22830 O08679 P04049 P36897 P38445 P47811 P49336 Q16539 Q9P1W9,P53350 Q9NYY3 Q9H4B4 O00444,https://www.bindingdb.org/bind/chemsearch/marvin/MolStructure.jsp?monomerid=25117,https://www.drugbank.ca/drugs/DB06626
DB11817,Baricitinib,1,1,BDBM50021656,approved; investigational,0.44,0.13,0.47,0.03,0.04,0.07,0.38,0.15,0.06,0.15,0.09,0.0,0.0,1.0,0.0,1.0,,P23458 O60674 P29597 P52333 Q9NSY1,,,https://www.bindingdb.org/bind/chemsearch/marvin/MolStructure.jsp?monomerid=50021656,https://www.drugbank.ca/drugs/DB11817
DB00394,Beclomethasone dipropionate,1,0,BDBM77904,approved; investigational,0.39,0.32,0.46,0.03,0.3,0.01,0.37,0.14,0.06,0.03,0.67,0.0,1.0,0.0,0.0,1.0,,P15056 P04049,,,https://www.bindingdb.org/bind/chemsearch/marvin/MolStructure.jsp?monomerid=77904,https://www.drugbank.ca/drugs/DB00394
DB13277,Benziodarone,1,0,BDBM50209206,approved; withdrawn,0.59,0.25,0.29,0.09,0.01,0.22,0.09,0.22,0.32,0.77,0.05,0.0,0.0,0.0,0.0,1.0,,Q99504,O15392,,https://www.bindingdb.org/bind/chemsearch/marvin/MolStructure.jsp?monomerid=50209206,https://www.drugbank.ca/drugs/DB13277
DB06755,Beta Carotene,0,1,BDBM54988,approved; nutraceutical,0.73,0.01,0.05,0.0,0.0,0.0,0.03,0.02,0.05,0.02,0.05,0.0,0.0,0.0,0.0,1.0,,Q2Q167 Q9NPD5 Q9Y6L6 O95342,,Q9NPD5 Q9Y6L6,https://www.bindingdb.org/bind/chemsearch/marvin/MolStructure.jsp?monomerid=54988,https://www.drugbank.ca/drugs/DB06755
DB00121,Biotin,1,0,BDBM12,approved; investigational; nutraceutical,,0.21,0.41,0.02,0.19,0.01,0.33,0.13,0.06,0.03,0.46,0.0,0.0,0.0,0.0,1.0,,P00519,P22629,,https://www.bindingdb.org/bind/chemsearch/marvin/MolStructure.jsp?monomerid=12,https://www.drugbank.ca/drugs/DB00121
DB00188,Bortezomib,0,1,BDBM50069989,approved; investigational,0.34,0.06,0.28,0.03,0.01,0.02,0.18,0.12,0.12,0.06,0.05,0.0,0.0,0.0,0.0,1.0,P13569,P28074 P28062 Q99436 P07858 P08311 P10619 P28063 O15439 Q92887 O15438 O95342 P20618 P49721 P23946,,P28074 P00766 P17538 P08311 P00734 P08246 P00918 P00915 P22748 P23280 P43166 Q16790 O43570 Q8N1Q1 Q9ULX7 Q99N23 P35218 Q9Y2D0 A0A059VAZ3 C9DRU9 P40303 Q99436,https://www.bindingdb.org/bind/chemsearch/marvin/MolStructure.jsp?monomerid=50069989,https://www.drugbank.ca/drugs/DB00188
DB06616,Bosutinib,1,1,BDBM4555,approved,0.1,0.87,0.92,0.36,0.83,0.07,0.56,0.82,0.39,0.08,0.9,1.0,0.0,0.0,0.0,1.0,,P12931,,,https://www.bindingdb.org/bind/chemsearch/marvin/MolStructure.jsp?monomerid=4555,https://www.drugbank.ca/drugs/DB06616
DB12267,Brigatinib,1,0,BDBM50185140,approved; investigational,0.38,0.06,0.44,0.03,0.02,0.01,0.41,0.05,0.07,0.03,0.05,1.0,0.0,0.0,0.0,1.0,,P36888 P08922 P06213 P08069 Q9UM73,,,https://www.bindingdb.org/bind/chemsearch/marvin/MolStructure.jsp?monomerid=50185140,https://www.drugbank.ca/drugs/DB12267
DB09300,Butylscopolamine,1,0,BDBM50015725,approved; investigational; vet_approved,0.27,0.15,0.24,0.04,0.08,0.06,0.01,0.23,0.17,0.27,0.35,0.0,0.0,0.0,0.0,1.0,,,P08482 P08483 P10980,,https://www.bindingdb.org/bind/chemsearch/marvin/MolStructure.jsp?monomerid=50015725,https://www.drugbank.ca/drugs/DB09300
DB08875,Cabozantinib,1,0,BDBM50021574,approved; investigational,0.4,0.13,0.57,0.04,0.07,0.02,0.48,0.18,0.08,0.04,0.13,1.0,0.0,0.0,0.0,1.0,,P08581 P35968 P07949 P10721 Q02763 P36888 P30530 P33176 P17948 L7RSL3 P11362 P00533 P16234 Q5T4W7,P22830,,https://www.bindingdb.org/bind/chemsearch/marvin/MolStructure.jsp?monomerid=50021574,https://www.drugbank.ca/drugs/DB08875
DB01373,Calcium,0,1,,,,,,,,,,,,,,,,,,,,,,,,https://www.drugbank.ca/drugs/DB01373
DB11791,Capmatinib,1,0,BDBM50146167,approved; investigational,0.36,0.35,0.69,0.3,0.05,0.03,0.45,0.43,0.44,0.05,0.07,1.0,0.0,0.0,0.0,1.0,,P08581,,,https://www.bindingdb.org/bind/chemsearch/marvin/MolStructure.jsp?monomerid=50146167,https://www.drugbank.ca/drugs/DB11791
DB00748,Carbinoxamine,0,1,BDBM81464,approved,0.35,0.0,0.04,0.0,0.0,0.0,0.02,0.02,0.05,0.02,0.04,0.0,0.0,0.0,0.0,1.0,,O14786 O95342,,P31390,https://www.bindingdb.org/bind/chemsearch/marvin/MolStructure.jsp?monomerid=81464,https://www.drugbank.ca/drugs/DB00748
DB08889,Carfilzomib,1,1,BDBM50277889,approved; investigational,0.18,0.84,0.86,0.62,0.19,0.77,0.27,0.81,0.72,0.9,0.22,0.0,0.0,0.0,0.0,1.0,,P28074 P10619 P08311 P07858 Q99436 P28062,,,https://www.bindingdb.org/bind/chemsearch/marvin/MolStructure.jsp?monomerid=50277889,https://www.drugbank.ca/drugs/DB08889
DB00671,Cefixime,1,0,BDBM84005,approved; investigational,,0.18,0.35,0.08,0.07,0.08,0.12,0.25,0.24,0.23,0.21,0.0,0.0,0.0,0.0,1.0,O14727,,,,https://www.bindingdb.org/bind/chemsearch/marvin/MolStructure.jsp?monomerid=84005,https://www.drugbank.ca/drugs/DB00671
DB09063,Ceritinib,1,0,BDBM50436850,approved,0.33,0.18,0.64,0.07,0.09,0.03,0.45,0.34,0.11,0.05,0.15,1.0,0.0,0.0,0.0,1.0,,Q9UM73 P06213 P08581 P08922 P00533 O75116 P00519 P16234 O60674 P07949 P36888 Q9BXA7 P08069 P43403 P52333 P23458 Q06187 P43405 Q9HBH9 Q16620 Q13177 P41212 P04629 O75460,,,https://www.bindingdb.org/bind/chemsearch/marvin/MolStructure.jsp?monomerid=50436850,https://www.drugbank.ca/drugs/DB09063
DB00169,Cholecalciferol,1,1,BDBM50147583,approved; nutraceutical,0.45,0.89,0.9,0.82,0.14,0.82,0.03,0.89,0.92,0.91,0.16,0.0,0.0,0.0,0.0,1.0,,P30304,,,https://www.bindingdb.org/bind/chemsearch/marvin/MolStructure.jsp?monomerid=50147583,https://www.drugbank.ca/drugs/DB00169
DB00369,Cidofovir,1,0,BDBM275767,approved,,0.6,0.61,0.13,0.6,0.12,0.05,0.59,0.22,0.19,0.97,0.0,0.0,0.0,0.0,1.0,P16753 P11362,,,,https://www.bindingdb.org/bind/chemsearch/marvin/MolStructure.jsp?monomerid=275767,https://www.drugbank.ca/drugs/DB00369
DB05239,Cobimetinib,1,0,BDBM50391802,approved; investigational,,0.52,0.57,0.03,0.52,0.02,0.47,0.19,0.06,0.03,0.91,1.0,0.0,0.0,0.0,1.0,,Q02750,,,https://www.bindingdb.org/bind/chemsearch/marvin/MolStructure.jsp?monomerid=50391802,https://www.drugbank.ca/drugs/DB05239
DB15534,Colchiceine,1,0,BDBM66784,approved; experimental,0.36,0.49,0.54,0.1,0.46,0.14,0.17,0.45,0.19,0.26,0.84,0.0,0.0,0.0,0.0,1.0,O43521,,,,https://www.bindingdb.org/bind/chemsearch/marvin/MolStructure.jsp?monomerid=66784,https://www.drugbank.ca/drugs/DB15534
DB08865,Crizotinib,1,1,BDBM50306682,approved,0.34,0.56,0.85,0.51,0.09,0.03,0.51,0.7,0.6,0.04,0.1,1.0,0.0,0.0,0.0,1.0,Q9UM73,Q9UM73 P00533 P08581 P06213 P04629 P30530 P06239 P06493 P08922 Q06418 Q12866 P11362 P08069 P16234 P09619 P35968 P17948 L7RSL3 P36888 P12931 P29317 P04626 P00519 Q62190 Q02858 Q02763 Q16620 P00520 Q04912 P07333 P54760 P51813 P29323 P09769 P06241 P50613 Q9NWT8 Q15046 P22607 Q15139 Q06187 P23443 Q16513 P31751 P07949 P06748 P36639,P23458 P06213 P29597 P21709 P42336 Q5S007 P00533 P36888 P00519 P07949 Q8N4C8 Q6DT37 Q9P2K8 O75582 P10721 Q15746 Q2M2I8 Q13554 Q9Y616 Q9UF33 Q9UK32 P24723 Q8WXR4 P53355 Q15349 P08581 P78362 Q9BZL6 Q96GD4 Q04912 Q59H18 O14757 Q9UEE5 Q9UQM7 Q9Y6R4 Q96RR4 Q13976 P35916 Q8TDC3 Q15418 P15056 Q9UQ88 P11802 Q09013 O75116 O15111 P22607 Q9UM73 Q00535 P42345 O60674 O00329 P53350 P51817 O95747 P42684 P31749 P07333 P29320 P16591 P09769 O14976 P06239 Q02156 Q13464 P12931 P35590 P07947 Q9Y243 Q08881 P53671 O15146 Q9H422 O94806 P20794 Q99683 Q13882 O94804 Q9Y5S2 Q16620 Q00536 P16234 Q16816 P42338 P54646 Q05655 Q16513 Q04759 Q13237 Q13188 Q13043 Q15569 Q06418 Q86Y07 Q12852 O00506 Q9Y2U5 Q9NYY3 O14578 Q15208 Q96PY6 Q9UKI8 O94921 O60331 Q9UEW8 Q9UHD2 Q96BR1 Q14164 P14616 O00444 Q9UIK4 Q9UPE1 Q9HC98 Q9BQI3 Q9NRM7 P57058 Q8IYT8 Q9H2G2 Q14680 O60285 Q9UPZ9 Q9Y2H9 Q9Y2H1 Q9UKE5 Q9H0K1 Q9NRP7 Q9NWZ3 Q9UL54 Q9UBE8 Q9H2K8 Q9P289 Q8NEV4 P29323 Q7KZI7 Q9HBH9 Q9NSY1 Q9BX84 Q9NRH2 Q9BVS4 Q9NY57 Q9P0L2 P49840 Q9NQU5 Q8NI60 Q9P286 Q8IU85 Q96NX5 P29322 P57078 Q9HAZ1 Q7L7X3 Q9HCP0 Q9H2X6 P22455 P21802 P11362 Q8TBX8 Q96D53 Q56UN5 P36507 Q9BYT3 Q9H093 Q96L34 Q9BRS2 Q9BXA7 Q8N5S9 P49137 Q8TD19 Q9H1R3 P80192 Q9C098 P9WI81 Q9H3Y6 Q8TDR2 Q13627 P49759 Q16288 P53778 Q12866 O14920 P51617 P27037 P31751 P30530 P51451 P51813 Q16566 P24941 P50613 P48729 P49674 P68400 P19784 Q08345 P21860 P07332 P17948 L7RSL3 P42685 P49841 P08631 P35968 P53667 P07948 P42679 Q99759 Q16584 Q02779 P51955 P51956 Q13153 Q13177 O75914 P09619 O15530 O00750 P11309 P48736 Q9UBF8 P17612 P22694 P41743 Q15139 P27361 P31152 Q16659 Q13164 P45983 Q15759 P53779 O15264 Q02750 P46734 Q6FI23 P52564 P19525 Q15835 P08922 P45985 Q96SB4 P51957 O76039 P23443 P43405 P42680 P37173 P33981 P42681 P30291 P78356 O75385 Q9Y6E0 Q92630 O14965 Q5VT25 Q14012 Q8IW41 O14936 Q14004 Q13546 O43353 O14730 Q13523 Q92772 Q8IWQ3 Q13470 P49761 P49760 Q9H4B4 P54762 P54753 P54760 O15197 O75747 Q12851 P51812 O95382 O95835 Q9Y463 O43283 O15075 Q8TDX7 Q9NYL2 P28482 P48730 P45984 Q96Q40 Q8WTQ7 Q8NE63 Q13163 O14733 Q8N752 O43318 O95819 Q8NG66 Q86Z02 P06241 Q8IY84 Q05397 Q14289 P57059 Q86UX6 Q8NFD2 P54756 Q32MK0 Q99640 P32298 Q6P3R8 P29376 P43403 Q16512 P0C1S8 P0C264 Q6XUX3 P61075 O94768 P36896 P36894 P41240 Q9Y6M4 P29317 P54764 Q9UQB9 Q13557 Q86UE8 Q13131 O75716 Q00537 Q16832 P37023 Q06187 P52333 P15735 Q15831 Q02763 P08069 Q6ZN16 Q86V86 O96017 P04626 Q07912 P04629 Q86YV6 O96013 Q52WX2 Q8N568 Q15303 Q92918 Q6PHR2 Q04771 Q13705 Q8WU08 Q8IVW4 Q9BUB5 Q99755 O00238 Q13873 Q00526 P50750 P78368 O43293 O75460 Q8IVH8 P36639 P36897 P38445 O08679 P04049 P47811 P49336 Q16539 Q9P1W9,Q9UM73 P08581,https://www.bindingdb.org/bind/chemsearch/marvin/MolStructure.jsp?monomerid=50306682,https://www.drugbank.ca/drugs/DB08865
DB00091,Cyclosporine,1,1,BDBM50150950,approved; investigational; vet_approved,0.35,0.88,0.88,0.79,0.56,0.82,0.34,0.82,0.9,0.93,0.63,0.0,1.0,0.0,0.0,1.0,,,,P62937,https://www.bindingdb.org/bind/chemsearch/marvin/MolStructure.jsp?monomerid=50150950,https://www.drugbank.ca/drugs/DB00091
DB08912,Dabrafenib,1,1,BDBM50428286,approved; investigational,0.35,0.93,0.94,0.11,0.93,0.06,0.52,0.87,0.11,0.06,0.99,1.0,0.0,0.0,0.0,1.0,P15056,P15056 P10398 Q00613 P04049 P36897 P38445,,,https://www.bindingdb.org/bind/chemsearch/marvin/MolStructure.jsp?monomerid=50428286,https://www.drugbank.ca/drugs/DB08912
DB11963,Dacomitinib,1,1,BDBM112499,approved; investigational,0.33,0.09,0.54,0.04,0.04,0.02,0.49,0.1,0.07,0.03,0.07,1.0,0.0,0.0,0.0,1.0,,P00533 P04626 Q15303 P06239 P52333 P12931,,,https://www.bindingdb.org/bind/chemsearch/marvin/MolStructure.jsp?monomerid=112499,https://www.drugbank.ca/drugs/DB11963
DB01254,Dasatinib,1,0,BDBM13216,approved; investigational,0.19,0.35,0.55,0.03,0.33,0.01,0.46,0.15,0.06,0.03,0.61,1.0,0.0,0.0,0.0,1.0,P00519 P11274,P06239 P00523 P00519 Q08345 Q16832 P12931 Q15759 O15264 P53778 P31749 P31751 Q9Y243 Q02750 P36507 P11274 P06213 P17252 Q96GD4 P24941 P11362 P49137 P10721 P35968 P08069 Q05655 P07947 P09619 P04626 Q05397 Q05513 P00533 Q13936 Q14524 Q12809 P15382 P51787 Q9UK17 P29317 P42345 P16234 P06241 P07949 P16277 P29323 P53667 O43353 P42681 Q13882 O14965 Q15418 P51812 O95342 O15439 Q92887 O15438 Q06187 P42680 P07333 Q01538 A9UJZ9 O94804 P25911 P51813 P54760 Q03137 Q16539 Q4JIM5 Q99640 Q9Y6E0 P04049 P00520,P00523 P07333 Q08345 P54753 P54760 P17948 L7RSL3 P42685 Q92918 Q8IVH8 P16234 P09619 Q9H2G2 P00519 P51451 P15056 P00533 P11362 P09769 P06241 P06239 P07948 Q13882 Q59H18 Q9NYL2 P42684 P41240 P49674 P29317 P54764 P54756 P29322 P54762 P29323 P21802 O14976 P08631 O95819 Q9UBE8 O43353 P57059 P12931 Q9H3Y6 Q9NRP7 P43405 Q15569 P37173 Q9UKE5 P07947 Q15759 P04626 Q15303 P36507 Q6DT37 P21709 Q5VT25 Q9Y5S2 Q9Y6R4 Q02750 Q9P289 Q9H0K1 P30291 Q04771 Q8NI60 P51813 Q06187 P42680 P42681 P36896 P27037 Q13705 P37023 Q09013 P53667 Q99640 Q16832 P24723 Q9UQM7 Q9BZL6 Q15418 Q13554 Q9UQ88 Q9UK32 P11802 O75116 O15111 P78362 Q9UF33 Q8WXR4 P10721 P08581 O75582 Q04912 P07949 Q8TDC3 Q13976 Q8N4C8 P42336 P36888 Q9P2K8 Q9Y616 P23458 P06213 Q5S007 Q15746 P29597 P53355 P22607 Q96RR4 P35916 Q96GD4 Q15349 Q9UEE5 O14757 Q2M2I8 O43293 Q07912 P42679 Q99759 Q16584 Q02779 P51955 P51956 Q13153 Q13177 O75914 O15530 O00750 P11309 P48736 Q9UBF8 P17612 P22694 P41743 Q15139 P27361 P31152 P78356 O75385 Q9Y6E0 Q92630 O14965 Q14012 Q8IW41 O14936 Q14004 Q13546 O14730 Q13523 Q92772 Q8IWQ3 Q13470 P49761 P49760 Q9H4B4 O94768 Q9UM73 P36894 Q9Y6M4 O15197 O75747 Q12851 P51812 O95382 O95835 Q9Y463 O43283 O15075 Q00535 P42345 O60674 O00329 P53350 P51817 O95747 P31749 P29320 P16591 Q99683 O94804 Q16620 Q00536 Q16816 P42338 P54646 Q05655 Q16513 Q04759 Q13237 Q13188 Q13043 Q06418 Q86Y07 Q12852 O00506 Q9Y2U5 Q9NYY3 O14578 Q15208 Q96PY6 Q9UKI8 O94921 O60331 Q9UEW8 Q9UHD2 Q96BR1 Q14164 P14616 O00444 Q9UIK4 Q9UPE1 Q9HC98 Q9BQI3 Q9NRM7 P57058 Q8IYT8 Q14680 Q02156 Q13464 P35590 Q9Y243 Q08881 P53671 O15146 Q9H422 O94806 P20794 O60285 Q9UPZ9 Q9Y2H9 Q9Y2H1 P49759 Q16288 P53778 Q12866 Q9UQB9 Q13557 Q86UE8 Q13131 O75716 Q00537 P52333 P15735 Q15831 Q02763 P08069 Q6ZN16 Q86V86 O96017 P04629 Q86YV6 O96013 Q52WX2 Q8N568 Q6PHR2 Q8WU08 Q8IVW4 Q9BUB5 Q99755 O00238 Q13873 Q00526 P50750 P78368 O75460 O14920 P51617 P31751 P30530 Q16566 P24941 P50613 P48729 P68400 P19784 P21860 P07332 P49841 P35968 Q9NWZ3 Q9UL54 Q9H2K8 Q8NEV4 Q7KZI7 Q9HBH9 Q9NSY1 Q9BX84 Q9NRH2 Q9BVS4 Q9NY57 Q9P0L2 P49840 Q9NQU5 Q9P286 Q8IU85 Q96NX5 P57078 Q9HAZ1 Q7L7X3 Q9HCP0 Q9H2X6 P22455 Q8TBX8 Q96D53 Q56UN5 Q9BYT3 Q9H093 Q96L34 Q9BRS2 Q9BXA7 Q8N5S9 P49137 Q8TD19 Q9H1R3 P80192 Q9C098 P9WI81 Q8TDR2 Q13627 Q8TDX7 P28482 P48730 P45984 Q96Q40 Q8WTQ7 Q8NE63 Q13163 O14733 Q8N752 O43318 Q8NG66 Q86Z02 Q8IY84 Q05397 Q14289 Q86UX6 Q8NFD2 Q32MK0 P32298 Q6P3R8 P29376 P43403 Q16512 P0C1S8 P0C264 Q6XUX3 P61075 Q16659 Q13164 P45983 P53779 O15264 P46734 Q6FI23 P52564 P19525 Q15835 P08922 P45985 Q96SB4 P51957 O76039 P23443 P33981 P11799 P68370 A9UJZ9 P00520 P25911 Q03137 Q16539 Q4JIM5 P36897 P38445 P47811 Q5T4W7 P04049 O08679 P49336 Q9P1W9,P10721 Q9P2K8 O60674 P08684,https://www.bindingdb.org/bind/chemsearch/marvin/MolStructure.jsp?monomerid=13216,https://www.drugbank.ca/drugs/DB01254
DB00035,Desmopressin,1,0,BDBM50407346,approved,,0.14,0.23,0.04,0.06,0.08,0.02,0.21,0.18,0.35,0.24,0.0,0.0,0.0,0.0,1.0,,,P70536,,https://www.bindingdb.org/bind/chemsearch/marvin/MolStructure.jsp?monomerid=50407346,https://www.drugbank.ca/drugs/DB00035
DB08809,Dichloroacetic acid,1,1,BDBM50177027,approved; investigational,,0.38,0.55,0.08,0.11,0.3,0.44,0.19,0.14,0.55,0.19,0.0,0.0,0.0,0.0,1.0,,,Q15118,,https://www.bindingdb.org/bind/chemsearch/marvin/MolStructure.jsp?monomerid=50177027,https://www.drugbank.ca/drugs/DB08809
DB11398,Diclazuril,1,1,BDBM50088493,investigational; vet_approved,0.49,0.2,0.44,0.07,0.08,0.09,0.35,0.14,0.16,0.2,0.17,0.0,0.0,0.0,0.0,1.0,O75469 Q9R1A7,,P03433,,https://www.bindingdb.org/bind/chemsearch/marvin/MolStructure.jsp?monomerid=50088493,https://www.drugbank.ca/drugs/DB11398
DB01396,Digitoxin,1,0,BDBM46356,approved; investigational,0.46,0.24,0.36,0.03,0.22,0.02,0.09,0.3,0.08,0.05,0.61,0.0,0.0,0.0,0.0,1.0,,P42224 O95342 Q92887 O15439 O15438 P50997,,,https://www.bindingdb.org/bind/chemsearch/marvin/MolStructure.jsp?monomerid=46356,https://www.drugbank.ca/drugs/DB01396
DB08995,Diosmin,1,0,BDBM153267,approved; investigational,0.56,0.22,0.4,0.03,0.02,0.19,0.28,0.18,0.08,0.47,0.05,0.0,0.0,0.0,0.0,1.0,,Q96GD4,,,https://www.bindingdb.org/bind/chemsearch/marvin/MolStructure.jsp?monomerid=153267,https://www.drugbank.ca/drugs/DB08995
DB00449,Dipivefrin,1,0,BDBM84348,approved,0.36,0.17,0.41,0.02,0.14,0.01,0.36,0.07,0.05,0.03,0.35,0.0,0.0,0.0,0.0,1.0,,P04049 P15056,,,https://www.bindingdb.org/bind/chemsearch/marvin/MolStructure.jsp?monomerid=84348,https://www.drugbank.ca/drugs/DB00449
DB11718,Encorafenib,1,0,BDBM221699,approved; investigational,0.34,0.51,0.55,0.03,0.5,0.02,0.4,0.26,0.06,0.03,0.91,1.0,0.0,0.0,0.0,1.0,,P15056,,,https://www.bindingdb.org/bind/chemsearch/marvin/MolStructure.jsp?monomerid=221699,https://www.drugbank.ca/drugs/DB11718
DB11986,Entrectinib,1,1,BDBM158154,approved; investigational,0.33,0.07,0.55,0.03,0.03,0.01,0.51,0.08,0.06,0.03,0.05,1.0,0.0,0.0,0.0,1.0,,Q9UM73 P08069 Q96GD4 O14965 P08922 P04629 Q16620 Q16288 O60674 Q07912 P23458 Q05397 P36888 Q13882 P06213 P52333 P07949 P11362 P35968 P35916 P06239 P10721 P00519 P05771 P24941 P20248 P43405 P31749 Q9UBU7 O00311 O14757 O00418 P00533 P28482 P49841 O14920 P49137 Q14680 P08581 P33981 Q9P289 Q9HC98 Q8IY84 O96013 P09619 O15530 Q9NZJ5 P11309 P17612 P53350 P43403 P47811 Q16539,,Q9UM73,https://www.bindingdb.org/bind/chemsearch/marvin/MolStructure.jsp?monomerid=158154,https://www.drugbank.ca/drugs/DB11986
DB00530,Erlotinib,1,1,BDBM5446,approved; investigational,0.45,0.07,0.52,0.03,0.03,0.01,0.5,0.04,0.06,0.03,0.05,1.0,0.0,0.0,0.0,1.0,,P00533 P04626 Q15303 Q9UHD2 P35968 P08581 P06213 O60674 P21860 P08069 P09619 O15245 O95342 Q05397 Q9Y6L6 Q92887 Q9UNQ0 P08183 O94956 Q9NPD5 P00523 P04798 P12931,Q9UM73 O14965 Q96GD4 Q9UQB9 Q08345 Q15375 P17948 L7RSL3 P36888 P35916 P42685 P08581 Q9BUB5 P16234 P09619 Q9H2G2 P35590 P00519 P51451 O14578 P00533 P09769 P06239 P07948 Q59H18 P42684 P48730 P29322 O14976 P08631 Q9H1R3 P19525 O43353 P12931 Q13470 P07947 Q15303 Q6DT37 P31152 Q2M2I8 Q9NSY1 Q06418 Q8NI60 Q96D53 Q09013 Q9UF33 Q8TDC3 Q8WXR4 P29597 Q15349 P10721 P11802 P53355 O14757 P42336 P24723 O15111 Q13976 Q9P2K8 P21709 Q9Y616 P07949 P23458 Q9UQ88 O75582 Q9UEE5 Q9Y6R4 Q8N4C8 P06213 O75116 Q15418 Q9UK32 Q5S007 P22607 Q96RR4 Q9BZL6 Q9UQM7 P15056 Q13554 Q04912 Q15746 P78362 O43293 P21802 Q9HBH9 O94804 P04626 P45984 Q3U3Q1 P42338 P54646 Q05655 Q16513 Q04759 Q13237 Q13188 Q13043 Q15569 Q86Y07 Q12852 O00506 Q9Y2U5 Q9NYY3 Q15208 Q96PY6 Q9UKI8 O94921 O60331 Q9UEW8 Q9UHD2 Q96BR1 Q14164 P14616 O00444 Q9UIK4 Q9UPE1 Q9HC98 Q9BQI3 Q9NRM7 O00750 P11309 P48736 Q9UBF8 P17612 P22694 P41743 Q15139 P27361 Q16659 Q13164 P45983 Q15759 P53779 O15264 Q02750 P46734 Q6FI23 P52564 Q15835 P08922 P45985 Q96SB4 P51957 Q9P286 Q8IU85 Q96NX5 P57078 Q9HAZ1 Q7L7X3 Q9HCP0 Q9H2X6 P22455 P11362 O76039 P23443 P43405 P42680 P37173 P33981 P42681 P30291 P78356 O75385 Q9Y6E0 Q92630 Q5VT25 Q8IVH8 Q14012 Q8IW41 O14936 Q14004 Q13546 O14730 Q13523 Q92772 Q8IWQ3 P49761 P49760 Q9H4B4 O94768 P36896 P36894 P41240 Q9Y6M4 P29317 P54764 Q00526 P50750 P78368 O75460 O14920 P51617 P27037 P31751 P30530 P51813 Q16566 P24941 P50613 P48729 P49674 P68400 P54762 P54753 P54760 O15197 O75747 Q12851 P51812 O95382 O95835 Q9Y463 O43283 O15075 Q00535 P42345 O60674 P19784 P21860 P07332 P49841 P35968 P53667 P42679 Q99759 Q16584 Q02779 P51955 P51956 Q13153 Q13177 O75914 O15530 O00329 P53350 P51817 O95747 P31749 P07333 P29320 P16591 Q02156 Q13464 Q9Y243 Q08881 P53671 O15146 Q9H422 O94806 P20794 Q99683 Q13882 Q9Y5S2 Q16620 Q00536 Q16816 Q12866 Q13557 Q86UE8 Q13131 O75716 Q00537 Q16832 P37023 Q06187 P52333 P15735 Q15831 Q02763 P08069 Q6ZN16 Q86V86 O96017 Q07912 P04629 Q86YV6 O96013 Q52WX2 Q8N568 Q92918 Q6PHR2 Q04771 Q13705 Q8WU08 Q8IVW4 Q99755 O00238 Q13873 P57058 Q8IYT8 Q14680 O60285 Q9UPZ9 Q9Y2H9 Q9Y2H1 Q9UKE5 Q9H0K1 Q9NRP7 Q9NWZ3 Q9UL54 Q9UBE8 Q9H2K8 Q9P289 Q8NEV4 P29323 Q7KZI7 Q9BX84 Q9NRH2 Q9BVS4 Q9NY57 Q9P0L2 P49840 Q9NQU5 Q8TBX8 Q56UN5 P36507 Q9BYT3 Q9H093 Q96L34 Q9BRS2 Q9BXA7 Q8N5S9 P49137 Q8TD19 P80192 Q9C098 P9WI81 Q9H3Y6 Q8TDR2 Q13627 Q8TDX7 Q9NYL2 P28482 Q96Q40 Q8WTQ7 Q8NE63 Q13163 O14733 Q8N752 O43318 O95819 Q8NG66 Q86Z02 P06241 Q8IY84 Q05397 Q14289 P57059 Q86UX6 Q8NFD2 P54756 Q32MK0 Q99640 P32298 Q6P3R8 P29376 P43403 Q16512 P0C1S8 P0C264 Q6XUX3 P61075 P49759 Q16288 P53778 P11799 P68370 P04798 Q5T4W7 P00520 P22830 O08679 P04049 P36897 P38445 P47811 P49336 Q16539 Q9P1W9,P10721 Q9P2K8 P52333 P04626 P00533 Q15303 P21860 Q9NPD5 Q9Y6L6 O94956 P08684,https://www.bindingdb.org/bind/chemsearch/marvin/MolStructure.jsp?monomerid=5446,https://www.drugbank.ca/drugs/DB00530
DB12500,Fedratinib,1,1,BDBM50332294,approved; investigational,0.31,0.07,0.51,0.03,0.03,0.01,0.49,0.04,0.05,0.03,0.05,1.0,0.0,0.0,0.0,1.0,,Q58F21 P07949 O60674 O60885 P36888 P23458 P52333 P29597,P00519 Q9UF33 P35916 O15111 P00533 O14757 Q96RR4 Q8TDC3 Q15349 P11802 P36888 Q9Y6R4 Q9UQM7 Q04912 Q6DT37 Q13976 P42336 O75116 P22607 Q9P2K8 P15056 Q59H18 P08581 P10721 Q9UK32 Q09013 P07949 Q9UQ88 Q8N4C8 Q9Y616 Q5S007 P53355 Q2M2I8 P21709 O75582 P29597 P23458 P06213 Q96GD4 Q15418 Q9UEE5 Q8WXR4 Q15746 Q9BZL6 P24723 P78362 Q13554 O60885 Q9Y2U5 Q9NYY3 O14578 Q15208 Q96PY6 Q9UKI8 O94921 O60331 Q9UEW8 Q9UHD2 Q96BR1 Q14164 P14616 O00444 Q9UIK4 Q9UPE1 Q9HC98 Q9BQI3 Q9NRM7 P57058 Q8IYT8 Q9H2G2 Q14680 O60285 Q9UPZ9 Q9Y2H9 Q9Y2H1 Q9UKE5 Q9H0K1 Q9NRP7 Q9NWZ3 Q9UL54 Q9UBE8 Q9H2K8 Q9P289 Q8NEV4 P29323 Q7KZI7 Q9HBH9 Q9NSY1 Q9BX84 Q9NRH2 Q9BVS4 Q9NY57 Q9P0L2 P49840 Q9NQU5 Q8NI60 Q9P286 Q8IU85 Q96NX5 P29322 P57078 Q9HAZ1 Q7L7X3 Q9HCP0 Q9H2X6 P22455 P21802 P11362 Q8TBX8 Q96D53 Q56UN5 P36507 Q9BYT3 Q9H093 Q96L34 Q9BRS2 Q9BXA7 Q8N5S9 P49137 Q8TD19 P80192 Q9C098 P9WI81 Q9H3Y6 Q8TDR2 Q13627 Q8TDX7 Q9NYL2 P28482 P06239 Q02156 Q13464 P12931 P35590 P07947 Q9Y243 Q08881 P53671 O15146 Q9H422 O94806 P20794 Q99683 Q13882 O94804 Q9Y5S2 Q16620 Q00536 P16234 Q16816 P48730 P45984 Q96Q40 Q8WTQ7 Q8NE63 Q13163 O14733 Q8N752 O43318 O95819 Q8NG66 Q86Z02 P06241 Q8IY84 Q05397 Q14289 P57059 Q86UX6 Q8NFD2 P54756 Q32MK0 Q99640 P32298 Q6P3R8 P29376 P43403 Q16512 P0C1S8 P0C264 Q6XUX3 P61075 P42338 P54646 Q05655 Q16513 Q04759 Q13237 Q13188 Q13043 Q15569 Q06418 Q86Y07 Q12852 O00506 O14976 P49759 Q16288 P53778 Q12866 Q9UQB9 Q13557 Q86UE8 Q13131 O75716 Q00537 Q16832 P37023 Q06187 P52333 P15735 Q15831 Q02763 P08069 Q6ZN16 Q86V86 O96017 P04626 Q07912 P04629 Q86YV6 O96013 Q52WX2 Q8N568 Q15303 Q92918 Q6PHR2 Q04771 Q13705 Q8WU08 Q8IVW4 Q9BUB5 Q99755 O00238 Q13873 Q00526 P50750 P78368 O43293 O75460 O14920 P51617 P27037 P31751 P30530 P51451 P51813 Q16566 P24941 P50613 P48729 P49674 P68400 P19784 Q08345 P21860 P07332 P17948 L7RSL3 P42685 P49841 P08631 P35968 P53667 P07948 P42679 Q99759 Q16584 Q02779 P51955 P51956 Q13153 P42684 P31749 P07333 P29320 P16591 P09769 Q13177 O75914 P09619 O15530 O00750 P11309 P48736 Q9UBF8 P17612 P22694 P41743 Q15139 P27361 P31152 Q16659 Q13164 P45983 Q15759 P53779 O15264 Q02750 P46734 Q6FI23 P52564 P19525 Q15835 P08922 P45985 Q96SB4 P51957 O76039 P23443 P43405 P42680 P37173 P33981 P42681 P30291 P78356 O75385 Q9Y6E0 Q92630 O14965 Q5VT25 Q8IVH8 Q14012 Q8IW41 O14936 Q14004 Q13546 O43353 O14730 Q13523 Q92772 Q8IWQ3 Q13470 P49761 P49760 Q9H4B4 O94768 P36896 Q9UM73 P36894 P41240 Q9Y6M4 P29317 P54764 P54762 P54753 P54760 O15197 O75747 Q12851 P51812 O95835 Q9Y463 O43283 O15075 Q00535 P42345 O60674 O00329 P53350 P51817 O95747 Q9H1R3 O95382 O08679 P04049 P36897 P38445 P47811 P49336 Q16539 Q9P1W9,,https://www.bindingdb.org/bind/chemsearch/marvin/MolStructure.jsp?monomerid=50332294,https://www.drugbank.ca/drugs/DB12500
DB00158,Folic Acid,0,1,BDBM50237629,approved; nutraceutical; vet_approved,,0.01,0.05,0.0,0.0,0.0,0.02,0.03,0.05,0.03,0.05,0.0,0.0,0.0,0.0,1.0,,O95342,,,https://www.bindingdb.org/bind/chemsearch/marvin/MolStructure.jsp?monomerid=50237629,https://www.drugbank.ca/drugs/DB00158
DB12010,Fostamatinib,1,0,BDBM50400034,approved; investigational,0.37,0.06,0.45,0.02,0.03,0.01,0.43,0.03,0.05,0.03,0.06,1.0,0.0,0.0,1.0,1.0,,P43405,P35968,,https://www.bindingdb.org/bind/chemsearch/marvin/MolStructure.jsp?monomerid=50400034,https://www.drugbank.ca/drugs/DB12010
DB08965,Fusafungine,1,0,BDBM65516,approved; withdrawn,0.24,0.35,0.42,0.03,0.33,0.03,0.1,0.36,0.08,0.07,0.79,0.0,0.0,0.0,0.0,1.0,,P60010 P07830 P41340 P68135 Q14896,,,https://www.bindingdb.org/bind/chemsearch/marvin/MolStructure.jsp?monomerid=65516,https://www.drugbank.ca/drugs/DB08965
DB00317,Gefitinib,1,1,BDBM5447,approved; investigational,0.22,0.08,0.58,0.04,0.04,0.02,0.53,0.1,0.06,0.03,0.06,1.0,0.0,0.0,0.0,1.0,P00533,P00533 P04626 P35968 Q07912 Q13882 O43353 Q15303 Q9UNQ0 P21860 P56817 P52333 O95342 Q92887 O15439 O15438 P25779 P15056,P00533 Q15375 P42685 Q9BUB5 Q9HBH9 Q9H2G2 P51451 O14578 P06239 P07948 P49674 O43293 P29322 O14976 P08631 P53779 Q9H1R3 O43353 P12931 P04626 Q15303 P21709 Q9UEE5 Q16659 P31152 Q16816 O94768 Q9H0K1 P42681 Q09013 Q9UF33 P42336 P00519 P07949 P06213 Q8N4C8 Q9Y6R4 P10721 P15056 P35916 P08581 O14757 Q96GD4 Q15418 O75116 Q04912 P22607 P36888 Q15746 Q9UQM7 Q9BZL6 P78362 Q13554 Q8TDC3 Q8WXR4 Q15349 Q59H18 P24723 Q96RR4 P29597 P53355 Q6DT37 P23458 Q9Y616 Q5S007 Q13976 Q2M2I8 O75582 P11802 O15111 Q9P2K8 Q9UK32 Q9UQ88 Q3U3Q1 P45984 O94804 P15735 P54762 O94806 P20794 Q99683 Q13882 Q9Y5S2 Q16620 Q00536 P16234 Q07912 P04629 Q86YV6 O96013 Q52WX2 Q8N568 Q92918 Q6PHR2 Q04771 Q13705 Q8WU08 Q8IVW4 Q99755 O00238 Q13873 Q00526 P50750 P78368 O75460 O14920 P51617 P27037 P31751 P30530 P51813 Q16566 P24941 P50613 P48729 P68400 P19784 Q08345 P21860 P07332 P17948 L7RSL3 P49841 P35968 P53667 P42679 Q99759 Q16584 Q02779 P51955 P51956 Q13153 Q13177 O75914 P09619 O15530 O00750 P11309 P48736 Q9UBF8 P17612 P22694 P41743 Q15139 P27361 Q13164 P45983 Q15759 O15264 Q02750 P46734 Q6FI23 P52564 P19525 Q15835 P08922 P45985 Q96SB4 P51957 O76039 P23443 P43405 P42680 P29320 P16591 P09769 Q02156 Q13464 P35590 P07947 Q9Y243 Q08881 P53671 O15146 Q9H422 P42338 P54646 Q05655 Q16513 Q04759 Q13237 Q13188 Q13043 Q15569 Q06418 Q86Y07 Q12852 O00506 Q9Y2U5 Q9NYY3 Q15208 Q96PY6 Q9UKI8 O94921 O60331 Q9UEW8 Q9UHD2 Q96BR1 Q14164 P14616 O00444 Q9UIK4 Q9UPE1 Q9HC98 Q9BQI3 Q9NRM7 P57058 Q8IYT8 Q14680 O60285 Q9UPZ9 Q9Y2H9 Q9Y2H1 Q9UKE5 Q9NRP7 Q9NWZ3 Q9UL54 Q9UBE8 Q9H2K8 Q9P289 Q8NEV4 P29323 Q7KZI7 Q9NSY1 Q9BX84 Q9NRH2 Q9BVS4 Q9NY57 Q9P0L2 P49840 Q9NQU5 Q8NI60 Q9P286 Q8IU85 Q96NX5 P57078 Q9HAZ1 Q7L7X3 Q9HCP0 Q9H2X6 P22455 P21802 P11362 Q8TBX8 Q96D53 Q56UN5 P36507 Q9BYT3 Q9H093 Q96L34 Q9BRS2 Q9BXA7 Q8N5S9 P49137 Q8TD19 P80192 Q9C098 P9WI81 Q9H3Y6 Q8TDR2 Q13627 Q8TDX7 Q9NYL2 P28482 P48730 Q96Q40 Q8WTQ7 Q8NE63 Q13163 O14733 Q8N752 O43318 O95819 Q8NG66 Q86Z02 P06241 Q8IY84 Q05397 Q14289 P57059 Q86UX6 Q8NFD2 P54756 Q32MK0 Q99640 P32298 P42684 P31749 P07333 Q6P3R8 P29376 P43403 Q16512 P0C1S8 P0C264 Q6XUX3 P61075 P49759 Q16288 P53778 Q12866 Q9UQB9 Q13557 Q86UE8 Q13131 P37173 P33981 P30291 P78356 O75385 Q9Y6E0 Q92630 O14965 Q5VT25 Q8IVH8 Q14012 Q8IW41 O14936 Q14004 Q13546 O14730 Q13523 Q92772 Q8IWQ3 Q13470 P49761 P49760 Q9H4B4 P36896 Q9UM73 P36894 P41240 Q9Y6M4 P29317 P54764 P54753 P54760 O15197 O75747 Q12851 P51812 O95382 O95835 Q9Y463 O43283 O15075 Q00535 P42345 O60674 O00329 P53350 P51817 O95747 O75716 Q00537 Q16832 P37023 Q06187 P52333 Q15831 Q02763 P08069 Q6ZN16 Q86V86 O96017 P11799 P68370 P22830 O08679 P04049 P36897 P38445 P47811 P49336 Q16539 Q9P1W9,P10721 P00533,https://www.bindingdb.org/bind/chemsearch/marvin/MolStructure.jsp?monomerid=5447,https://www.drugbank.ca/drugs/DB00317
DB06743,Ginkgolide A,0,1,BDBM50292287,nutraceutical,0.54,0.0,0.04,0.0,0.0,0.0,0.01,0.03,0.05,0.03,0.05,0.0,0.0,0.0,0.0,1.0,,P23415 P23416,,,https://www.bindingdb.org/bind/chemsearch/marvin/MolStructure.jsp?monomerid=50292287,https://www.drugbank.ca/drugs/DB06743
DB06748,Ginsenoside C,1,1,BDBM50317540,nutraceutical,0.46,0.4,0.4,0.04,0.03,0.4,0.02,0.39,0.1,1.0,0.07,0.0,0.0,0.0,0.0,1.0,,P11388 P11387,,,https://www.bindingdb.org/bind/chemsearch/marvin/MolStructure.jsp?monomerid=50317540,https://www.drugbank.ca/drugs/DB06748
DB06749,Ginsenoside Rb1,1,1,BDBM50317541,nutraceutical,0.46,0.57,0.57,0.1,0.05,0.57,0.02,0.56,0.18,1.0,0.08,0.0,0.0,0.0,0.0,1.0,,P11388 P11387,,,https://www.bindingdb.org/bind/chemsearch/marvin/MolStructure.jsp?monomerid=50317541,https://www.drugbank.ca/drugs/DB06749
DB06750,Ginsenoside Rg1,0,1,BDBM50023446,nutraceutical,0.47,0.01,0.05,0.0,0.0,0.0,0.01,0.04,0.06,0.03,0.05,0.0,0.0,0.0,0.0,1.0,,P15121,,,https://www.bindingdb.org/bind/chemsearch/marvin/MolStructure.jsp?monomerid=50023446,https://www.drugbank.ca/drugs/DB06750
DB06756,Glycine Betaine,0,1,BDBM50103520,approved; nutraceutical,0.7,0.01,0.05,0.0,0.0,0.0,0.02,0.03,0.05,0.03,0.05,0.0,0.0,0.0,0.0,1.0,,O95342 O70127,,,https://www.bindingdb.org/bind/chemsearch/marvin/MolStructure.jsp?monomerid=50103520,https://www.drugbank.ca/drugs/DB06756
DB09053,Ibrutinib,1,1,BDBM50357312,approved,,0.08,0.44,0.03,0.05,0.01,0.37,0.13,0.06,0.03,0.11,1.0,0.0,0.0,0.0,1.0,,P21802 Q06187 Q08881 P51813 P42680 P00533 P04626 Q15303 P06239 P51451 P12931 P09769 P06241 P08631 P07948 P07947 P00519 Q13882 P41240 P16591 P52333 P43405 Q9BRX8 P07949,,Q06187,https://www.bindingdb.org/bind/chemsearch/marvin/MolStructure.jsp?monomerid=50357312,https://www.drugbank.ca/drugs/DB09053
DB09054,Idelalisib,1,0,BDBM50403068,approved,0.36,0.45,0.62,0.07,0.42,0.03,0.28,0.48,0.12,0.04,0.67,0.0,0.0,0.0,0.0,1.0,,O00329 O00750 P42336 P48736 P42338 P27986 Q8NEB9 O35904 P78527,,,https://www.bindingdb.org/bind/chemsearch/marvin/MolStructure.jsp?monomerid=50403068,https://www.drugbank.ca/drugs/DB09054
DB00619,Imatinib,1,1,BDBM13530,approved,0.49,0.38,0.75,0.06,0.33,0.02,0.52,0.48,0.08,0.03,0.44,1.0,0.0,0.0,0.0,1.0,P00519 P11274 P16234 P10721,P00519 A0A0D1CGS9 O14965 Q96GD4 Q9UQB9 Q08345 Q16832 P17252 P24941 P24864 Q9UM73 P06748 Q9UNQ0 P11274 P09619 P16234 P10721 P35968 P06239 P12931 P43405 Q13547 Q9UBN7 A0A024QZ26 Q05655 P00533 P42684 P06493 P14635 Q05030 P16083 P17612 P22694 P22612 P00520 P15056 P07333 O95342 Q92887 O15438 O15439 P36888 P07948 P25779 P08183 Q86VL8 Q96FL8 O75751 O15245 O15244 P00523 P27707 P47811 Q16539 Q5S007,Q9HAZ1 P07333 Q08345 P42685 P16234 P09619 P00519 P51451 P15056 P00533 P09769 P06241 P06239 P07948 Q59H18 Q9NYL2 P42684 P29322 O14976 P45983 P53779 Q14680 O00444 Q9UEE5 P42336 O14757 Q96GD4 O75582 Q13976 O15111 Q04912 Q2M2I8 P10721 P36888 P06213 Q8WXR4 Q8TDC3 P11802 P23458 Q9P2K8 P35916 Q9Y616 P08581 P07949 Q6DT37 P78362 Q15746 Q13554 Q9UQM7 Q09013 Q15418 O75116 Q5S007 Q8N4C8 Q9UF33 Q9UQ88 P21709 Q9BZL6 Q9UK32 P24723 Q9Y6R4 P22607 Q96RR4 P29597 P53355 Q15349 O43293 P45984 P49759 P02768 P29320 P16591 Q02156 Q13464 P12931 P35590 P07947 Q9Y243 Q08881 P53671 O15146 Q9H422 O94806 P20794 Q99683 Q13882 O94804 Q9Y5S2 Q16620 Q00536 Q16816 P42338 P54646 Q05655 Q16513 Q04759 Q13237 Q13188 Q13043 Q15569 Q06418 Q86Y07 Q12852 O00506 Q9Y2U5 Q9NYY3 O14578 Q15208 Q96PY6 Q9UKI8 O94921 O60331 Q9UEW8 Q9UHD2 Q96BR1 Q14164 P14616 Q9UIK4 Q9UPE1 Q9HC98 Q9BQI3 Q9NRM7 P57058 Q8IYT8 Q9H2G2 O60285 Q9UPZ9 Q9Y2H9 Q9Y2H1 Q9UKE5 Q9H0K1 Q9NRP7 Q92772 Q8IWQ3 Q13470 P49761 P49760 Q9H4B4 O94768 P36896 Q9UM73 P36894 P41240 Q9Y6M4 P29317 P54764 P54762 P54753 P54760 O15197 O75747 Q12851 P51812 O95382 O95835 Q9Y463 O43283 O15075 Q00535 P42345 O60674 O00329 P53350 P51817 O95747 P31749 Q9NWZ3 Q9UL54 Q9UBE8 Q9H2K8 Q9P289 Q8NEV4 P29323 Q7KZI7 Q9HBH9 Q9NSY1 Q9BX84 Q9NRH2 Q9BVS4 Q9NY57 Q9P0L2 P49840 Q9NQU5 Q8NI60 Q16288 P53778 Q12866 Q9UQB9 Q13557 Q86UE8 Q13131 O75716 Q00537 Q16832 P37023 Q06187 Q9P286 Q8IU85 Q96NX5 P57078 Q7L7X3 Q9HCP0 Q9H2X6 P22455 P21802 P11362 Q8TBX8 Q96D53 Q56UN5 P36507 Q9BYT3 Q9H093 Q96L34 Q9BRS2 Q9BXA7 Q8N5S9 P49137 Q8TD19 Q9H1R3 P80192 Q9C098 P9WI81 Q9H3Y6 Q8TDR2 Q13627 Q8TDX7 P28482 P48730 Q96Q40 Q8WTQ7 Q8NE63 Q13163 O14733 Q8N752 O43318 O95819 Q8NG66 Q86Z02 Q8IY84 Q05397 Q14289 P57059 Q86UX6 Q8NFD2 P54756 Q32MK0 Q99640 P32298 Q6P3R8 P29376 P43403 Q16512 P0C1S8 P0C264 Q6XUX3 P61075 P78356 O75385 Q9Y6E0 Q92630 O14965 Q5VT25 Q8IVH8 Q14012 Q8IW41 O14936 Q14004 Q13546 O43353 O14730 Q13523 P52333 P15735 Q15831 Q02763 P08069 Q6ZN16 Q86V86 O96017 P04626 Q07912 P04629 Q86YV6 O96013 Q52WX2 Q8N568 Q15303 Q92918 Q6PHR2 Q04771 Q13705 Q8WU08 Q8IVW4 Q9BUB5 Q99755 O00238 Q13873 Q00526 P50750 P78368 O75460 O14920 P51617 P27037 P31751 P30530 P51813 Q16566 P24941 P50613 P48729 P49674 P68400 P19784 P21860 P07332 P17948 L7RSL3 P49841 P08631 P35968 P53667 P42679 Q99759 Q16584 Q02779 P51955 P51956 Q13153 Q13177 O75914 O15530 O00750 P11309 P48736 Q9UBF8 P17612 P22694 P41743 Q15139 P27361 P31152 Q16659 Q13164 Q15759 O15264 Q02750 P46734 Q6FI23 P52564 P19525 Q15835 P08922 P45985 Q96SB4 P51957 O76039 P23443 P43405 P42680 P37173 P33981 P42681 P30291 P11799 P68370 P00520 P00523 P16083 P27707 Q16539 P04049 P49336 O08679 P36897 P38445 P47811 Q9P1W9,P53350 Q9NYY3 Q9H4B4 O00444 P10721 Q9UM73 P51451 P51813 P54762 P29323 P54760 P11362 P21802 P36888 P42685 P09769 P06213 O60674 P06239 P08581 Q16620 P29597 P16234 P09619 Q02763 Q04912 P00519 P07948 P43403 P12931 P00915 P00918 P22748 P35218 Q9Y2D0 P23280 P43166 Q16790 O43570 Q9D6N1 Q9ULX7 Q99N23 P16083 P11274 P43405 P08684 P00520 P00523 P07333 P27707 P42684 Q08345 Q16539,https://www.bindingdb.org/bind/chemsearch/marvin/MolStructure.jsp?monomerid=13530,https://www.drugbank.ca/drugs/DB00619
DB14075,Imidurea,1,0,BDBM66981,approved; experimental,,0.18,0.27,0.03,0.16,0.03,0.06,0.22,0.1,0.11,0.58,0.0,0.0,0.0,0.0,1.0,O43521,,,,https://www.bindingdb.org/bind/chemsearch/marvin/MolStructure.jsp?monomerid=66981,https://www.drugbank.ca/drugs/DB14075
DB01029,Irbesartan,0,1,BDBM50042235,approved; investigational,0.44,0.0,0.03,0.0,0.0,0.0,0.01,0.02,0.05,0.02,0.05,0.0,0.0,0.0,0.0,1.0,,P29089 P30556 P25095 P35351 O95342 O15438 O15439 Q12809 Q96FL8,,P25101 P30556 P29089,https://www.bindingdb.org/bind/chemsearch/marvin/MolStructure.jsp?monomerid=50042235,https://www.drugbank.ca/drugs/DB01029
DB08941,Isoxsuprine,1,1,BDBM50326178,approved; withdrawn,0.28,0.85,0.86,0.4,0.06,0.84,0.53,0.7,0.46,0.98,0.07,0.0,0.0,0.0,1.0,1.0,,P06493,,,https://www.bindingdb.org/bind/chemsearch/marvin/MolStructure.jsp?monomerid=50326178,https://www.drugbank.ca/drugs/DB08941
DB09570,Ixazomib,1,1,BDBM50398609,approved; investigational,0.35,0.94,0.94,0.84,0.1,0.94,0.46,0.89,0.9,1.0,0.1,0.0,0.0,0.0,0.0,1.0,,P20618 P49721 P28074,,,https://www.bindingdb.org/bind/chemsearch/marvin/MolStructure.jsp?monomerid=50398609,https://www.drugbank.ca/drugs/DB09570
DB00465,Ketorolac,1,1,BDBM50234661,approved,,0.76,0.81,0.08,0.3,0.73,0.56,0.56,0.1,0.91,0.37,0.0,1.0,0.0,0.0,1.0,,P60953 P63000,,,https://www.bindingdb.org/bind/chemsearch/marvin/MolStructure.jsp?monomerid=50234661,https://www.drugbank.ca/drugs/DB00465
DB06791,Lanreotide,1,0,BDBM50063821,approved,0.07,0.38,0.41,0.09,0.17,0.33,0.04,0.39,0.22,0.8,0.41,0.0,0.0,0.0,0.0,1.0,,,,P30872 P30874 P32745 P31391 P35346,https://www.bindingdb.org/bind/chemsearch/marvin/MolStructure.jsp?monomerid=50063821,https://www.drugbank.ca/drugs/DB06791
DB01259,Lapatinib,1,1,BDBM5445,approved; investigational,0.47,0.06,0.54,0.03,0.02,0.01,0.52,0.03,0.05,0.03,0.05,1.0,0.0,0.0,0.0,1.0,,P00533 P04626 Q15303 P06213 P10721 P35968 P09619 Q13936 Q12809 P15382 P51787 Q14524 P08069 Q13547 Q9UBN7 A0A024QZ26 O15379 Q9BY41 P53350 P00519 P24941 O95342 O15438 Q92887 O15439,P00533 O43353 P04626 P00519 Q8WXR4 P36888 Q15349 P10721 P29597 Q59H18 P24723 P53355 Q6DT37 Q8TDC3 Q9Y616 O75582 Q2M2I8 O15111 Q13976 P11802 Q9P2K8 P42336 P21709 Q9UQ88 P23458 P06213 Q9UK32 P07949 Q8N4C8 Q9Y6R4 Q9UF33 Q9UEE5 Q15418 Q09013 P35916 P08581 Q96GD4 O14757 Q96RR4 Q5S007 O75116 Q04912 P22607 P15056 P78362 Q9BZL6 Q15746 Q9UQM7 Q13554 O43293 P49840 O94804 Q9H2G2 P42345 P42338 P54646 Q05655 Q16513 Q04759 Q13237 Q13188 Q13043 Q15569 Q06418 Q86Y07 Q12852 O00506 Q9Y2U5 Q9NYY3 O14578 Q15208 Q96PY6 Q9UKI8 O94921 O60331 Q9UEW8 Q9UHD2 Q96BR1 Q14164 P14616 O00444 Q9UIK4 Q9UPE1 Q9HC98 Q9BQI3 Q9NRM7 P57058 Q8IYT8 Q14680 O60285 Q9UPZ9 Q9Y2H9 Q9Y2H1 Q9UKE5 Q9H0K1 Q9NRP7 Q9NWZ3 Q9UL54 Q9UBE8 Q9H2K8 Q9P289 Q8NEV4 P29323 Q7KZI7 Q9HBH9 Q9NSY1 Q9BX84 Q9NRH2 Q9BVS4 Q9NY57 Q9P0L2 Q9NQU5 Q8NI60 Q9P286 Q8IU85 Q96NX5 P29322 P57078 Q9HAZ1 Q7L7X3 Q9HCP0 Q9H2X6 P22455 P21802 P11362 Q8TBX8 Q96D53 Q56UN5 P36507 Q9BYT3 Q9H093 Q96L34 Q9BRS2 Q9BXA7 Q8N5S9 P49137 Q8TD19 Q9H1R3 P80192 Q9C098 P9WI81 Q9H3Y6 Q8TDR2 Q13627 Q8TDX7 Q9NYL2 P28482 P48730 P45984 Q96Q40 Q8WTQ7 Q8NE63 Q13163 O14733 Q8N752 O43318 O95819 Q8NG66 Q86Z02 P06241 Q8IY84 Q05397 Q14289 P57059 Q86UX6 Q8NFD2 P54756 Q32MK0 Q99640 P32298 Q6P3R8 P29376 P43403 Q16512 P0C1S8 P0C264 Q6XUX3 P61075 P31751 P30530 P51451 P51813 Q16566 P24941 P50613 P48729 P49674 P68400 P19784 Q08345 P21860 P07332 P17948 L7RSL3 P42685 P49841 P08631 P35968 P53667 P07948 P42679 Q99759 Q16584 Q02779 P51955 P51956 Q13153 Q13177 O75914 P09619 O15530 O00750 P11309 P48736 Q9UBF8 P17612 P22694 P41743 Q15139 P27361 P31152 Q16659 Q13164 P45983 Q15759 P53779 O15264 Q02750 P46734 Q6FI23 P52564 P19525 Q15835 P08922 P45985 Q96SB4 P51957 O76039 P23443 P43405 P42680 P37173 P33981 P42681 P30291 P78356 O75385 Q9Y6E0 Q92630 O14965 Q5VT25 Q8IVH8 Q14012 Q8IW41 O14936 Q14004 Q13546 O14730 Q13523 Q92772 Q8IWQ3 Q13470 P49761 P49760 Q9H4B4 O94768 P36896 Q9UM73 P36894 P41240 Q9Y6M4 P29317 P54764 P54762 P54753 P54760 O15197 O75747 P51812 O95382 O95835 Q9Y463 O43283 O15075 Q00535 O60674 O00329 P53350 P51817 O95747 P42684 P31749 P07333 P15735 Q15831 Q02763 P08069 Q6ZN16 Q86V86 O96017 Q07912 P04629 Q86YV6 O96013 Q52WX2 Q8N568 Q15303 Q92918 Q6PHR2 Q04771 Q13705 Q8WU08 Q8IVW4 Q9BUB5 Q99755 O00238 Q13873 Q00526 P50750 P78368 O75460 O14920 P51617 P27037 P29320 P16591 P09769 O14976 P06239 Q02156 Q13464 P12931 P35590 P07947 Q9Y243 Q08881 P53671 O15146 Q9H422 O94806 P20794 Q99683 Q13882 Q9Y5S2 Q16620 Q00536 P16234 Q16816 P49759 Q16288 Q12866 Q9UQB9 Q13557 Q86UE8 Q13131 O75716 Q00537 Q16832 P37023 Q06187 P52333 Q12851 P53778 P11799 P68370 O08679 P04049 P36897 P38445 P47811 P49336 Q16539 Q9P1W9,P20815 P08684,https://www.bindingdb.org/bind/chemsearch/marvin/MolStructure.jsp?monomerid=5445,https://www.drugbank.ca/drugs/DB01259
DB09078,Lenvatinib,1,0,BDBM50331094,approved; investigational,0.4,0.14,0.57,0.03,0.1,0.02,0.48,0.17,0.06,0.03,0.17,1.0,0.0,0.0,0.0,1.0,,P35968 P35916,P35968 P11362 P22830,P07949,https://www.bindingdb.org/bind/chemsearch/marvin/MolStructure.jsp?monomerid=50331094,https://www.drugbank.ca/drugs/DB09078
DB01137,Levofloxacin,1,0,BDBM50366826,approved; investigational,0.32,0.28,0.28,0.03,0.01,0.28,0.13,0.17,0.11,1.0,0.05,0.0,0.0,0.0,0.0,1.0,P11388 Q02880,O95342 O70127 P0AES4 P0AES6 P11388 Q02880 Q12809 Q92887 O15439 O15438 Q96FL8,,Q02880,https://www.bindingdb.org/bind/chemsearch/marvin/MolStructure.jsp?monomerid=50366826,https://www.drugbank.ca/drugs/DB01137
DB13153,Levomenol,1,1,BDBM50382730,approved; experimental,0.61,0.79,0.82,0.1,0.78,0.06,0.51,0.64,0.12,0.07,0.94,0.0,0.0,0.0,0.0,1.0,,P40763,,,https://www.bindingdb.org/bind/chemsearch/marvin/MolStructure.jsp?monomerid=50382730,https://www.drugbank.ca/drugs/DB13153
DB00722,Lisinopril,1,0,BDBM66979,approved; investigational,,0.6,0.63,0.15,0.58,0.14,0.17,0.55,0.24,0.23,0.93,0.0,0.0,0.0,0.0,1.0,O43521,,,,https://www.bindingdb.org/bind/chemsearch/marvin/MolStructure.jsp?monomerid=66979,https://www.drugbank.ca/drugs/DB00722
DB12130,Lorlatinib,1,0,BDBM50018830,approved; investigational,0.38,0.08,0.51,0.04,0.03,0.01,0.4,0.19,0.08,0.03,0.06,1.0,0.0,0.0,0.0,1.0,,P29376 Q9UM73 P16591 P07332 Q14289 Q07912 Q05397 P04629 Q16288 P42685,,Q9UM73 Q16620 P08922,https://www.bindingdb.org/bind/chemsearch/marvin/MolStructure.jsp?monomerid=50018830,https://www.drugbank.ca/drugs/DB12130
DB04835,Maraviroc,1,1,BDBM160935,approved; investigational,0.29,0.84,0.88,0.83,0.06,0.15,0.16,0.86,0.94,0.17,0.07,0.0,0.0,0.0,0.0,1.0,,P51681 Q12809,,P51681,https://www.bindingdb.org/bind/chemsearch/marvin/MolStructure.jsp?monomerid=160935,https://www.drugbank.ca/drugs/DB04835
DB11526,Masitinib,1,0,BDBM50355495,investigational; vet_approved,0.38,0.46,0.56,0.15,0.28,0.28,0.35,0.32,0.27,0.5,0.5,1.0,0.0,0.0,0.0,1.0,,,P00519 P35916 Q59H18 P10721 P00533 Q8TDC3 P42336 P36888 Q9UQM7 P07949 Q15746 P08581 Q6DT37 Q9UK32 Q9UEE5 Q09013 P24723 P29597 Q15349 Q9UF33 O15111 P06213 P15056 O14757 Q96RR4 Q9Y6R4 P78362 O75116 O75582 Q15418 Q8WXR4 P22607 Q04912 Q13554 Q96GD4 Q9Y616 P11802 Q8N4C8 Q9BZL6 P23458 Q2M2I8 P21709 Q13976 P53355 Q9UQ88 Q9P2K8 Q5S007 Q9H4B4 O94768 P36896 Q9UM73 P36894 P41240 Q9Y6M4 P29317 P54764 P54762 P54753 P54760 O15197 O75747 Q12851 P51812 O95382 O95835 Q9Y463 O43283 O15075 Q00535 P42345 O60674 O00329 P53350 P51817 O95747 P42684 P31749 P07333 P29320 P16591 P09769 O14976 P06239 Q02156 Q13464 P12931 P35590 P07947 Q9Y243 Q08881 P53671 O15146 Q9H422 O94806 P20794 Q99683 Q13882 O94804 Q9Y5S2 Q16620 Q00536 P16234 Q16816 P42338 P54646 Q05655 Q16513 Q04759 Q13237 Q13188 Q13043 Q15569 Q06418 Q86Y07 Q12852 O00506 Q9Y2U5 Q9NYY3 O14578 Q15208 Q96PY6 Q9UKI8 O94921 O60331 Q9UEW8 Q9UHD2 Q96BR1 Q14164 P14616 O00444 Q9UIK4 Q9UPE1 Q9HC98 Q9BQI3 Q9NRM7 P57058 Q8IYT8 Q9H2G2 Q14680 O60285 Q9UPZ9 Q9Y2H9 Q9Y2H1 Q9UKE5 Q9H0K1 Q9NRP7 Q9NWZ3 Q9UL54 Q02750 P46734 Q6FI23 P52564 P19525 Q15835 P08922 P45985 Q96SB4 P51957 O76039 P23443 P43405 P42680 P37173 P42681 P30291 P78356 O75385 Q9Y6E0 Q92630 O14965 Q5VT25 Q8IVH8 Q14012 Q8IW41 O14936 Q14004 Q13546 O14730 Q13523 Q92772 Q8IWQ3 Q13470 P49761 P49760 Q9UBE8 Q9H2K8 Q9P289 Q8NEV4 P29323 Q7KZI7 Q9HBH9 Q9NSY1 Q9BX84 Q9NRH2 Q9BVS4 Q9NY57 Q9P0L2 P49840 Q9NQU5 Q8NI60 Q9P286 Q8IU85 Q96NX5 P29322 P57078 Q9HAZ1 Q7L7X3 Q9HCP0 Q9H2X6 P22455 P21802 P11362 Q8TBX8 Q96D53 Q56UN5 P36507 Q9BYT3 Q9H093 P49137 Q8TD19 Q9H1R3 P80192 Q9C098 P9WI81 Q9H3Y6 Q8TDR2 Q13627 Q8TDX7 Q9NYL2 P28482 P48730 P45984 Q96Q40 Q8WTQ7 Q8NE63 Q13163 O14733 Q8N752 O43318 O95819 Q8NG66 Q86Z02 P06241 Q8IY84 Q05397 Q14289 P57059 Q86UX6 Q8NFD2 P54756 Q32MK0 Q99640 P32298 Q6P3R8 P29376 P43403 Q16512 P0C1S8 P0C264 Q6XUX3 P61075 Q96L34 Q9BRS2 Q9BXA7 Q8N5S9 P49759 Q16288 P53778 Q12866 Q9UQB9 Q13557 Q86UE8 Q13131 O75716 Q00537 Q16832 P37023 Q06187 P52333 P15735 Q15831 Q02763 P08069 Q6ZN16 Q86V86 O96017 P04626 Q07912 P04629 Q86YV6 O96013 Q52WX2 Q8N568 Q15303 Q92918 Q6PHR2 Q04771 Q13705 Q8WU08 Q8IVW4 Q9BUB5 Q99755 O00238 Q13873 Q00526 P50750 P78368 O43293 O75460 O14920 P51617 P27037 P31751 P30530 P51451 P51813 Q16566 P24941 P50613 P48729 P49674 P68400 P19784 Q08345 P21860 P07332 P17948 L7RSL3 P42685 P49841 P08631 P35968 P53667 P07948 P42679 Q99759 Q16584 Q02779 P51955 P51956 Q13153 Q13177 O75914 P09619 O15530 O00750 P11309 P48736 Q9UBF8 P17612 P22694 P41743 Q15139 P27361 P31152 Q16659 Q13164 P45983 Q15759 P53779 O15264 P33981 O43353 O08679 P04049 P27707 P36897 P38445 P47811 P49336 Q16539 Q9P1W9,,https://www.bindingdb.org/bind/chemsearch/marvin/MolStructure.jsp?monomerid=50355495,https://www.drugbank.ca/drugs/DB11526
DB00643,Mebendazole,1,1,BDBM50180753,approved; vet_approved,0.28,0.55,0.82,0.2,0.44,0.05,0.57,0.58,0.24,0.07,0.54,0.0,0.0,0.0,0.0,1.0,,P0AE18 O95342 Q92887 O15438 O15439 Q9BJF5 P12931 P00519 P35968,,P12931 P00519,https://www.bindingdb.org/bind/chemsearch/marvin/MolStructure.jsp?monomerid=50180753,https://www.drugbank.ca/drugs/DB00643
DB00888,Mechlorethamine,1,0,BDBM200297,approved; investigational,0.79,0.14,0.29,0.03,0.04,0.1,0.16,0.15,0.11,0.35,0.12,0.0,0.0,0.0,0.0,1.0,P13569,,,,https://www.bindingdb.org/bind/chemsearch/marvin/MolStructure.jsp?monomerid=200297,https://www.drugbank.ca/drugs/DB00888
DB00462,Methscopolamine bromide,1,0,BDBM50015727,approved,0.27,0.2,0.29,0.06,0.13,0.09,0.01,0.28,0.2,0.32,0.46,0.0,0.0,0.0,0.0,1.0,,,P10980 P08482 P08483,,https://www.bindingdb.org/bind/chemsearch/marvin/MolStructure.jsp?monomerid=50015727,https://www.drugbank.ca/drugs/DB00462
DB06595,Midostaurin,1,1,BDBM31094,approved; investigational,0.36,0.28,0.78,0.14,0.13,0.05,0.54,0.53,0.18,0.06,0.17,1.0,0.0,0.0,0.0,1.0,,P00533 P12931,Q9UM73 O14965 Q96GD4 Q9UQB9 P30530 Q9HAZ1 P07333 Q08345 P17948 L7RSL3 P36888 P35916 P42685 Q92918 Q8IVH8 Q12866 P08581 Q9HBH9 Q13043 Q13188 P16234 P09619 P17612 O75582 Q9H2G2 P35590 Q02763 P04629 Q16620 Q16288 P35968 P51451 P00533 P11362 P09769 P06241 P06239 P07948 Q13131 Q14012 Q8N5S9 Q96RR4 P49760 P41240 O43293 P16591 P21802 O14976 P08631 P45983 P53779 O95835 O95819 Q14680 P22694 Q04759 Q9BZL6 O94806 P19525 Q14289 P08922 P57059 P12931 P43405 Q9UKE5 Q13470 P33981 P07947 O00506 Q15303 O00444 Q9UEE5 Q9Y463 P49840 P49841 O75914 Q16816 Q9H093 Q2M2I8 P54646 O60285 Q9NSY1 O14757 P68400 O94768 P22607 Q14164 Q15831 Q9P0L2 Q7KZI7 Q96L34 P80192 Q16584 Q15746 P15735 Q99755 P78356 Q16512 Q16513 Q9BRS2 O14730 Q9H0K1 Q96SB4 P78362 Q86YV6 Q09013 Q07912 Q8IU85 Q13153 Q05655 Q9UQM7 Q02779 P11309 Q86V86 Q02156 P24723 Q96NX5 P45985 O75716 Q8TDC3 Q8IWQ3 P46734 Q6FI23 O15530 Q13557 P53355 Q13237 Q9UIK4 P31749 P31751 Q13554 Q13177 Q13976 P51817 Q9BXA7 P07949 Q5T4W7 O08679 P00519 P00520 P49759 P49336,P10721 Q9P2K8 O60674 P52333 P29597 Q15418 Q15349 P51812 Q9UK32,https://www.bindingdb.org/bind/chemsearch/marvin/MolStructure.jsp?monomerid=31094,https://www.drugbank.ca/drugs/DB06595
DB09031,Miltefosine,1,1,BDBM50034220,approved; investigational,0.43,0.11,0.51,0.06,0.03,0.02,0.39,0.19,0.11,0.05,0.07,0.0,0.0,0.0,0.0,1.0,,Q86NB3 Q22993 P07686 P21556 P06493 P30304 P31749,,,https://www.bindingdb.org/bind/chemsearch/marvin/MolStructure.jsp?monomerid=50034220,https://www.drugbank.ca/drugs/DB09031
DB11828,Neratinib,1,1,BDBM50161957,approved; investigational,0.33,0.07,0.55,0.03,0.03,0.02,0.54,0.04,0.05,0.03,0.05,1.0,0.0,0.0,0.0,1.0,P04626,P04626 P51955 P00533 O15438 Q92887 O95342 O15439 P35968,Q8WXR4 P08581 Q59H18 P00533 Q15418 P24723 Q9Y6R4 O75116 P15056 P78362 Q9UQM7 Q9BZL6 Q13976 P10721 P07949 Q9UK32 O75582 Q9UF33 Q8TDC3 P42336 P36888 Q09013 O15111 P11802 P00519 Q9UQ88 Q04912 Q9P2K8 Q6DT37 Q8N4C8 P06213 P23458 Q5S007 Q15349 P21709 P29597 Q2M2I8 P53355 Q15746 Q13554 P35916 Q9UEE5 P22607 O14757 Q96GD4 Q96RR4 Q9Y616 Q8NG66 Q86Z02 P06241 Q8IY84 Q05397 Q14289 P57059 Q86UX6 Q8NFD2 P54756 Q32MK0 Q99640 P32298 Q6P3R8 P29376 P43403 Q16512 P0C1S8 P0C264 Q6XUX3 P61075 Q86Y07 Q12852 O00506 Q9Y2U5 Q9NYY3 O14578 Q15208 Q96PY6 Q9UKI8 O94921 O60331 Q9UEW8 Q9UHD2 Q96BR1 Q14164 P14616 O00444 Q9UIK4 Q9UPE1 Q9HC98 Q9BQI3 Q9NRM7 P57058 Q8IYT8 Q9H2G2 Q14680 O60285 Q9UPZ9 Q9Y2H9 Q9Y2H1 Q9UKE5 Q9H0K1 Q9NRP7 Q9NWZ3 Q9UL54 Q9UBE8 Q9H2K8 Q9P289 Q8NEV4 P29323 Q7KZI7 Q9HBH9 Q9NSY1 Q9BX84 Q9NRH2 Q9BVS4 Q9NY57 Q9P0L2 P49840 Q9NQU5 Q8NI60 Q9P286 Q8IU85 Q96NX5 P29322 P57078 Q9HAZ1 Q7L7X3 Q9HCP0 Q9H2X6 P22455 P21802 P11362 Q8TBX8 Q96D53 Q56UN5 P36507 Q9BYT3 Q9H093 Q96L34 Q9BRS2 Q9BXA7 Q8N5S9 P49137 Q8TD19 Q9H1R3 P80192 Q9C098 P9WI81 P49759 Q16288 P53778 Q12866 Q9UQB9 Q13557 Q86UE8 Q13131 O75716 Q00537 Q16832 P37023 Q06187 P52333 P15735 Q15831 O94768 P36896 Q9UM73 P36894 P41240 Q9Y6M4 P29317 P54764 P54762 P54753 P54760 O15197 O75747 Q12851 P51812 O95382 O95835 Q9Y463 O43283 O15075 Q00535 P42345 Q02763 P08069 Q6ZN16 Q86V86 O96017 P04626 Q07912 P04629 Q86YV6 O96013 Q52WX2 Q8N568 Q15303 Q92918 Q6PHR2 Q04771 Q13705 Q8WU08 Q8IVW4 Q9BUB5 Q99755 O00238 Q13873 Q00526 P50750 P78368 O43293 O75460 O14920 P51617 P27037 P31751 P30530 P51451 P51813 Q16566 P24941 P50613 P48729 P49674 P68400 P19784 Q08345 P21860 P07332 P17948 L7RSL3 P42685 P49841 P08631 P35968 P53667 P07948 P42679 Q99759 Q16584 Q02779 P51955 P51956 Q13153 Q13177 O75914 P09619 O15530 O00750 P11309 P48736 Q9UBF8 P17612 P22694 P41743 Q15139 P27361 P31152 Q16659 Q13164 P45983 Q15759 P53779 O15264 Q02750 P46734 Q6FI23 P52564 P19525 Q15835 P08922 P45985 Q96SB4 P51957 O76039 P23443 P43405 P42680 P37173 P33981 P42681 P30291 P78356 O75385 Q9Y6E0 Q92630 P42684 P31749 P07333 P29320 P16591 P09769 O14976 P06239 Q02156 Q13464 P12931 P35590 P07947 Q9Y243 Q08881 P53671 O15146 Q9H422 O94806 Q99683 Q13882 O94804 Q9Y5S2 Q16620 Q00536 P16234 Q16816 Q9H3Y6 Q8TDR2 Q13627 Q8TDX7 Q9NYL2 P28482 P48730 P45984 Q96Q40 Q8WTQ7 Q8NE63 Q13163 O14733 O14965 Q5VT25 Q8IVH8 Q14012 Q8IW41 O14936 Q14004 Q13546 O43353 O14730 Q13523 Q92772 Q8IWQ3 Q13470 P49761 P49760 Q9H4B4 Q8N752 O43318 O95819 O60674 O00329 P53350 P51817 O95747 P42338 P54646 Q05655 Q16513 Q04759 Q13237 Q13188 Q13043 Q15569 Q06418 P20794 P22830 O08679 P04049 P36897 P38445 P47811 P49336 Q16539 Q9P1W9,,https://www.bindingdb.org/bind/chemsearch/marvin/MolStructure.jsp?monomerid=50161957,https://www.drugbank.ca/drugs/DB11828
DB13931,Netarsudil,1,0,BDBM50156686,approved,0.4,0.36,0.56,0.16,0.15,0.18,0.26,0.4,0.29,0.32,0.26,0.0,0.0,0.0,0.0,1.0,,,,O75116,https://www.bindingdb.org/bind/chemsearch/marvin/MolStructure.jsp?monomerid=50156686,https://www.drugbank.ca/drugs/DB13931
DB06803,Niclosamide,1,1,BDBM11242,approved; investigational; vet_approved,,0.34,0.72,0.08,0.28,0.02,0.52,0.41,0.12,0.03,0.39,0.0,0.0,0.0,0.0,1.0,,P0C6X7 P17252 O60674 P12931 P36888 P45983 P09619 P40763 P00533 P11362 P35968 P07948 P10721 O14965 P31749 Q02763 P49841 O15530 P00519 P15056 P28482,,,https://www.bindingdb.org/bind/chemsearch/marvin/MolStructure.jsp?monomerid=11242,https://www.drugbank.ca/drugs/DB06803
DB04868,Nilotinib,1,0,BDBM50237710,approved; investigational,0.22,0.15,0.59,0.04,0.09,0.02,0.48,0.22,0.07,0.04,0.16,1.0,0.0,0.0,0.0,1.0,,P00519 P12931 Q08345 Q16832 Q12809 Q13936 P15382 P51787 Q14524 Q9UK17 P11274 P16083 P10721 P16234 P09619 P07333 P07948 P06239 P36888 P04049 Q15759 P29317 P00520,Q16832 Q8WXR4 Q59H18 P08581 P78362 O75116 P00519 P00533 P10721 P15056 Q9UEE5 Q9UQM7 Q9Y6R4 P07949 Q13976 Q15349 P42336 O15111 P36888 Q8N4C8 Q8TDC3 Q9UQ88 Q15418 Q04912 P11802 Q09013 P23458 P06213 P21709 Q6DT37 Q9P2K8 P29597 Q5S007 P53355 Q2M2I8 P35916 O75582 Q15746 P22607 Q9UF33 Q9UK32 O14757 Q96RR4 Q9Y616 Q96GD4 P24723 Q13554 Q9BZL6 Q16513 Q04759 Q13237 Q13188 Q13043 Q15569 Q06418 Q86Y07 Q12852 O00506 Q9Y2U5 Q9NYY3 O14578 Q15208 Q96PY6 Q9UKI8 O94921 O60331 Q9UEW8 Q9UHD2 Q96BR1 Q14164 P14616 O00444 Q9UIK4 Q9UPE1 Q9HC98 Q9BQI3 Q9NRM7 P57058 Q8IYT8 Q9H2G2 Q14680 O60285 Q9UPZ9 Q9Y2H9 Q9Y2H1 Q9UKE5 Q9H0K1 Q9NRP7 Q9NWZ3 Q9UL54 Q9UBE8 Q9H2K8 Q9P289 Q8NEV4 P29323 Q7KZI7 Q9HBH9 Q9NSY1 Q9BX84 Q9NRH2 Q9BVS4 Q9NY57 Q9P0L2 P49840 Q9NQU5 Q8NI60 Q9P286 Q8IU85 Q96NX5 P29322 P57078 Q9HAZ1 Q7L7X3 Q9HCP0 Q9H2X6 P22455 P21802 P11362 Q8TBX8 Q96D53 Q56UN5 P36507 Q9BYT3 Q9H093 Q96L34 Q9BRS2 Q9BXA7 Q8N5S9 Q07912 P04629 Q86YV6 O96013 Q52WX2 Q8N568 Q15303 Q92918 P0C1S8 P0C264 Q6XUX3 P61075 P42684 P31749 P07333 P49759 Q16288 P53778 Q12866 Q9UQB9 Q13557 Q86UE8 Q13131 O75716 Q00537 P37023 Q06187 P52333 P15735 Q15831 Q02763 P08069 Q6ZN16 Q86V86 O96017 P04626 P41240 Q9Y6M4 P29317 P54764 P54762 P54753 P54760 O15197 O75747 Q12851 P51812 O95382 O95835 Q9Y463 O43283 O15075 Q00535 P42345 O60674 O00329 P53350 P51817 O95747 P49137 Q8TD19 Q9H1R3 P80192 Q9C098 P9WI81 Q9H3Y6 Q8TDR2 Q13627 Q8TDX7 Q9NYL2 P28482 P48730 P45984 Q96Q40 Q8WTQ7 Q8NE63 Q13163 O14733 Q8N752 O43318 O95819 Q8NG66 Q86Z02 P06241 Q8IY84 Q05397 Q14289 P57059 Q86UX6 Q8NFD2 P54756 Q32MK0 Q99640 Q6P3R8 P29376 P43403 Q16512 P29320 P16591 P09769 O14976 P06239 Q02156 Q13464 P12931 P35590 P07947 Q9Y243 Q08881 P53671 O15146 Q9H422 O94806 P20794 Q99683 Q13882 O94804 Q9Y5S2 Q16620 Q00536 P16234 Q16816 P42338 P54646 Q05655 Q6PHR2 Q04771 Q13705 Q8WU08 Q8IVW4 Q9BUB5 Q99755 O00238 Q13873 Q00526 P50750 P78368 O43293 O75460 O14920 P51617 P27037 P31751 P30530 P51451 P51813 Q16566 P24941 P50613 P48729 P49674 P68400 P19784 Q08345 P21860 P07332 P17948 L7RSL3 P42685 P49841 P08631 P35968 P53667 P07948 P42679 Q99759 Q16584 Q02779 P51955 P51956 Q13153 Q13177 O75914 P09619 O15530 O00750 P11309 P48736 Q9UBF8 P17612 P22694 P41743 Q15139 P27361 P31152 Q16659 Q13164 P45983 Q15759 P53779 O15264 Q02750 P46734 Q6FI23 P52564 P19525 Q15835 P08922 P45985 Q96SB4 P51957 O76039 P23443 P43405 P42680 P37173 P33981 P42681 P30291 P78356 O75385 Q9Y6E0 Q92630 O14965 Q5VT25 Q8IVH8 Q14012 Q8IW41 O14936 Q14004 Q13546 O43353 O14730 Q13523 Q92772 Q8IWQ3 Q13470 P49761 P49760 Q9H4B4 O94768 P36896 Q9UM73 P36894 P32298 P22830 P00520 P04049 P47811 Q16539 O08679 P36897 P38445 P49336 Q9P1W9,P51451 P51813 P54762 P29323 P54760 P11362 P21802 P36888 P42685 P09769 P06213 O60674 P06239 P08581 Q16620 P29597 P16234 P09619 Q02763 Q04912 P00519 P10721 P07948 P43403 P00915 P00918 P22748 P35218 Q9Y2D0 P23280 P43166 Q16790 O43570 Q9D6N1 Q9ULX7 Q99N23 Q15759,https://www.bindingdb.org/bind/chemsearch/marvin/MolStructure.jsp?monomerid=50237710,https://www.drugbank.ca/drugs/DB04868
DB09079,Nintedanib,1,0,BDBM50026612,approved,0.51,0.27,0.67,0.05,0.22,0.02,0.48,0.37,0.07,0.03,0.33,1.0,0.0,0.0,0.0,1.0,,P17948 L7RSL3 P35968 P35918 P35916 P11362 P21802 P22607 P22455 P16234 P09619 Q14680,P50613 Q96BR1 Q04759 P45983 Q9P286 Q9H0K1 Q02779 Q9BUB5 P46734 Q6FI23 P42338 Q13177 Q08345 O94806 Q96PY6 O75385 P42345 Q13546 P15056 P31749 Q09013 P10721 Q12866 P12931 Q9UEE5 Q15303 Q86UE8 Q9HAZ1 Q8IU85 P00533 Q8IVW4 P32298 Q8N752 Q16512 P24941 Q14164 Q9Y6E0 Q13976 Q16584 Q9NRP7 Q15746 Q7L7X3 O75116 Q8N568 Q13557 Q86YV6 P28482 P42684 O43353 P54764 Q2M2I8 O15075 Q14012 P08581 O43318 P07949 Q15418 P78362 O60331 Q13164 P49674 O94804 Q9H2K8 O75914 Q13163 P30291 P48730 P42336 P51956 Q05655 Q16288 Q9NQU5 Q9UEW8 Q00535 P07332 P20794 Q9Y616 Q96GD4 Q04912 Q16513 Q02750 P37173 Q02156 Q9UKI8 P0C264 Q8N4C8 P41240 P35590 Q13237 Q99759 Q8WU08 P08069 Q59H18 Q99755 P36894 P19525 O15146 Q92918 P22455 P43403 P00519 O60674 Q9P289 Q9HCP0 Q9H093 P53671 Q9UK32 Q9Y6M4 Q52WX2 Q9UQM7 P52333 P57078 Q9NSY1 Q9UQ88 Q8TDR2 P54756 Q86Z02 P51813 O00444 O14965 Q9C098 Q13188 P42679 Q14680 O14757 P51451 P27037 Q9UIK4 Q9BQI3 P11362 P11802 P36896 Q9BYT3 Q8NE63 P53350 O75582 O43283 Q86V86 Q6PHR2 Q12851 P53779 Q9UF33 P43405 P04629 O15111 P35916 Q9H2X6 Q9H2G2 O94921 O14976 P68400 P29597 Q9UL54 P06241 Q9Y6R4 O14936 Q13464 P0C1S8 Q00537 Q96NX5 Q9H4B4 Q15208 P36888 P21860 Q9UPZ9 Q06187 Q00526 P16234 Q15139 O00750 Q13131 Q5S007 P07947 P17612 Q13470 P29376 Q8IWQ3 Q9BXA7 O00238 Q9UKE5 P9WI81 P54646 P21709 Q13153 Q9Y5S2 Q9P0L2 Q9UQB9 O14730 Q8NI60 Q8TD19 Q5VT25 Q9UBE8 Q13523 Q16659 P45984 P07333 Q8IW41 P53778 P61075 Q9Y2U5 P49841 P57058 Q9BVS4 Q16816 P41743 P16591 P11309 Q7KZI7 O76039 Q06418 P53667 O43293 O15197 Q96L34 O95819 P37023 P22607 Q8IY84 P04626 Q56UN5 P22694 Q96D53 Q9BX84 Q15349 P51957 Q86Y07 P35968 P48736 P08631 P49137 Q9NYL2 P29323 P33981 Q9NRM7 O75460 Q02763 Q14004 Q9BRS2 P57059 P54760 Q16832 O95382 P29322 Q99640 Q15831 O00506 O95835 Q9H3Y6 Q8TDC3 P54753 P51812 P42681 Q9NY57 P08922 Q15569 P07948 P23443 Q12852 Q9H1R3 Q8TDX7 Q96SB4 Q9P2K8 Q96RR4 P23458 Q8NEV4 P09769 Q6DT37 Q86UX6 Q13554 O75716 Q15759 Q99683 Q8N5S9 P49760 P42685 Q9Y2H9 Q9NYY3 Q9HC98 Q9UBF8 P51817 Q05397 O94768 Q04771 O75747 O96017 P51617 P31152 Q16620 P49840 Q13873 Q6ZN16 Q96Q40 Q9Y2H1 Q9NRH2 P29320 P06239 O14578 Q9NWZ3 P42680 P09619 P17948 L7RSL3 Q13705 Q9Y243 Q6P3R8 P49759 Q15835 Q08881 Q6XUX3 Q9BZL6 Q8IVH8 Q92772 P49761 Q8WTQ7 O96013 O15530 Q9HBH9 Q00536 P27361 Q13043 Q13627 P24723 P80192 P21802 O00329 Q13882 Q8WXR4 O95747 Q9UM73 P06213 Q9UPE1 P30530 Q8TBX8 P53355 Q8NFD2 P31751 P52564 Q14289 Q9H422 O15264 P51955 O14920 P19784 O60285 P50750 P15735 P78356 Q9Y463 P78368 P54762 Q8IYT8 Q07912 Q16566 P36507 Q8NG66 Q92630 P14616 P48729 Q9UHD2 P45985 Q32MK0 O14733 P29317 P22830 P36897 P38445 O08679 P04049 P47811 P49336 Q16539 Q9P1W9,Q14680,https://www.bindingdb.org/bind/chemsearch/marvin/MolStructure.jsp?monomerid=50026612,https://www.drugbank.ca/drugs/DB09079
DB00646,Nystatin,0,1,,,,,,,,,,,,,,,,,,,,,,,,https://www.drugbank.ca/drugs/DB00646
DB01165,Ofloxacin,1,0,BDBM50045004,approved,0.32,0.39,0.39,0.03,0.05,0.39,0.15,0.29,0.07,1.0,0.12,0.0,0.0,0.0,0.0,1.0,,P0AES4 P0AES6 Q02880 Q12809 O95342 O15439 O15438 Q92887,P02768,Q02880,https://www.bindingdb.org/bind/chemsearch/marvin/MolStructure.jsp?monomerid=50045004,https://www.drugbank.ca/drugs/DB01165
DB04224,Oleic Acid,1,0,BDBM50250904,approved; investigational; vet_approved,0.56,0.2,0.2,0.01,0.01,0.2,0.04,0.17,0.07,1.0,0.05,0.0,0.0,0.0,0.0,1.0,,P11387,P15090,,https://www.bindingdb.org/bind/chemsearch/marvin/MolStructure.jsp?monomerid=50250904,https://www.drugbank.ca/drugs/DB04224
DB01250,Olsalazine,1,0,BDBM50355010,approved,,0.13,0.47,0.08,0.04,0.03,0.26,0.28,0.16,0.07,0.08,0.0,1.0,0.0,0.0,1.0,,Q9UPY5,,,https://www.bindingdb.org/bind/chemsearch/marvin/MolStructure.jsp?monomerid=50355010,https://www.drugbank.ca/drugs/DB01250
DB01083,Orlistat,1,0,BDBM24988,approved; investigational,0.45,0.13,0.26,0.07,0.05,0.05,0.03,0.24,0.25,0.2,0.18,0.0,0.0,0.0,0.0,1.0,,,,P49327,https://www.bindingdb.org/bind/chemsearch/marvin/MolStructure.jsp?monomerid=24988,https://www.drugbank.ca/drugs/DB01083
DB09330,Osimertinib,1,1,BDBM50029668,approved,0.4,0.07,0.55,0.03,0.03,0.01,0.53,0.05,0.05,0.03,0.05,1.0,0.0,0.0,0.0,1.0,P00533,P00533 P04626 Q15303 P21860 Q12809 P08069 P06213,,P04626 P00533 Q15303 P21860,https://www.bindingdb.org/bind/chemsearch/marvin/MolStructure.jsp?monomerid=50029668,https://www.drugbank.ca/drugs/DB09330
DB09073,Palbociclib,1,1,BDBM6309,approved; investigational,0.41,0.27,0.75,0.16,0.09,0.05,0.52,0.49,0.21,0.07,0.13,1.0,0.0,0.0,0.0,1.0,,P11802 P24941 P20248 P24385 P24864 P36888 Q00535 P50750 P50613 P06493 Q15078 P30279 P14635 Q00534 P52333 O00329 P00519 P07333 O60285,,,https://www.bindingdb.org/bind/chemsearch/marvin/MolStructure.jsp?monomerid=6309,https://www.drugbank.ca/drugs/DB09073
DB06589,Pazopanib,1,1,BDBM26474,approved,0.43,0.07,0.49,0.02,0.03,0.01,0.47,0.03,0.05,0.03,0.07,1.0,0.0,0.0,0.0,1.0,,P35968 P00519 Q504U8 Q16832 P22303 O15439 O95342 Q92887 O15438 P16234,Q9UM73 O14965 Q9UQB9 Q9UQ88 P07333 Q08345 P17948 L7RSL3 P36888 P35916 P42685 Q92918 Q8IVH8 Q12866 P16234 P09619 Q13546 P35590 P35968 P00519 P51451 P15056 P11362 P22455 P09769 P06241 P06239 Q13882 P42684 Q14012 P16591 P21802 O14976 P53779 Q9H1R3 Q9UBE8 Q00536 P19525 O43353 P08922 P57059 P12931 Q9H3Y6 Q9NRP7 Q9UKE5 P33981 P07947 O00444 Q2M2I8 Q9NSY1 P22607 P80192 Q16584 P51955 Q9H0K1 P42681 Q13705 P53667 Q02779 Q96NX5 P45985 P52564 Q16832 P00533 Q6DT37 P42336 P06213 Q8TDC3 Q96RR4 Q9P2K8 P29597 O75582 P07949 Q9UF33 Q9Y616 O14757 P10721 Q13554 Q9BZL6 P78362 P24723 Q9UK32 P53355 Q8WXR4 Q15746 P08581 Q96GD4 O75116 Q13976 Q09013 Q04912 Q59H18 Q15349 Q9Y6R4 Q9UEE5 P11802 Q8N4C8 Q9UQM7 Q5S007 P23458 Q15418 P21709 O15111 O43293 P49759 Q16288 P53778 Q13557 Q86UE8 Q13131 O75716 Q00537 P37023 Q06187 P52333 P15735 Q15831 Q02763 P08069 Q6ZN16 Q86V86 O96017 P04626 Q07912 P04629 Q86YV6 O96013 Q52WX2 Q8N568 Q15303 Q6PHR2 Q04771 Q8WU08 Q8IVW4 Q9BUB5 Q99755 O00238 Q13873 Q00526 P50750 P78368 O75460 O14920 Q96SB4 P51957 O76039 P23443 P43405 P42680 P37173 P30291 P78356 O75385 Q9Y6E0 Q92630 Q5VT25 O14936 Q14004 P51617 P27037 P31751 P30530 P51813 Q16566 P24941 P50613 P48729 P49674 P68400 P19784 P21860 P07332 P49841 P08631 P07948 P42679 Q99759 P51956 Q13153 Q13177 O75914 O15530 O00750 P11309 P48736 Q9UBF8 P17612 P22694 P41743 Q15139 P27361 P31152 Q16659 Q13164 P45983 Q15759 O15264 Q02750 P46734 Q6FI23 Q15835 O14730 Q13523 Q92772 Q8IWQ3 Q13470 P49761 P49760 Q9H4B4 O94768 P36896 P48730 P45984 Q96Q40 Q8WTQ7 Q8NE63 Q13163 O14733 Q8N752 O43318 O95819 Q8NG66 Q86Z02 Q8IY84 Q05397 Q14289 Q86UX6 Q8NFD2 P54756 Q32MK0 Q99640 P32298 Q6P3R8 P29376 P43403 Q16512 P0C1S8 P0C264 Q6XUX3 P61075 P36894 P41240 Q9NWZ3 Q9UL54 Q9H2K8 Q9P289 Q8NEV4 P29323 Q7KZI7 Q9HBH9 Q9BX84 Q9NRH2 Q9BVS4 Q9NY57 Q9P0L2 P49840 Q9NQU5 Q8NI60 Q9P286 Q8IU85 P29322 P57078 Q9HAZ1 Q7L7X3 Q9HCP0 Q9H2X6 Q9Y6M4 P29317 P54764 P54762 P54753 P54760 O15197 O75747 Q12851 P51812 O95382 O95835 Q9Y463 O43283 O15075 Q00535 P42345 O60674 O00329 P53350 P51817 O95747 P31749 P29320 Q02156 Q13464 Q9Y243 Q08881 P53671 O15146 Q9H422 O94806 P20794 Q99683 O94804 Q9Y5S2 Q16620 Q16816 P42338 P54646 Q05655 Q16513 Q04759 Q13237 Q13188 Q13043 Q15569 Q06418 Q86Y07 Q12852 O00506 Q9Y2U5 Q9NYY3 O14578 Q15208 Q96PY6 Q9UKI8 O94921 O60331 Q9UEW8 Q9UHD2 Q96BR1 Q14164 P14616 Q9UIK4 Q9UPE1 Q9HC98 Q9BQI3 Q9NRM7 P57058 Q8IYT8 Q9H2G2 Q14680 O60285 Q9UPZ9 Q9Y2H9 Q9Y2H1 Q8TBX8 Q96D53 Q56UN5 P36507 Q9BYT3 Q9H093 Q96L34 Q9BRS2 Q9BXA7 Q8N5S9 P49137 Q8TD19 Q9C098 P9WI81 Q8TDR2 Q13627 Q8TDX7 Q9NYL2 P28482 Q8IW41 P11799 P68370 Q5T4W7 P00520 O08679 P04049 P36897 P38445 P47811 P49336 Q16539 Q9P1W9,P10721 P52333,https://www.bindingdb.org/bind/chemsearch/marvin/MolStructure.jsp?monomerid=26474,https://www.drugbank.ca/drugs/DB06589
DB15102,Pemigatinib,1,0,BDBM301310,approved; investigational,0.37,0.56,0.61,0.06,0.55,0.02,0.02,0.6,0.1,0.04,0.91,0.0,0.0,0.0,0.0,1.0,,P11362 P21802 P22607,,,https://www.bindingdb.org/bind/chemsearch/marvin/MolStructure.jsp?monomerid=301310,https://www.drugbank.ca/drugs/DB15102
DB06614,Peramivir,1,1,BDBM5024,approved; investigational,0.3,0.36,0.69,0.13,0.22,0.08,0.06,0.67,0.19,0.12,0.33,0.0,0.0,0.0,0.0,1.0,,Q6XUE4 Q9QMU3 Q9IGQ6 P03468 P03474,,Q9IGQ6 Q9Y3R4,https://www.bindingdb.org/bind/chemsearch/marvin/MolStructure.jsp?monomerid=5024,https://www.drugbank.ca/drugs/DB06614
DB06809,Plerixafor,1,1,BDBM50035696,approved,0.27,0.66,0.72,0.65,0.04,0.04,0.17,0.66,0.91,0.05,0.06,0.0,0.0,0.0,0.0,1.0,,P61073 P41597 O95342 O15438 O15439 Q92887 P00720,,P61073,https://www.bindingdb.org/bind/chemsearch/marvin/MolStructure.jsp?monomerid=50035696,https://www.drugbank.ca/drugs/DB06809
DB08901,Ponatinib,1,0,BDBM50322535,approved; investigational,0.39,0.54,0.58,0.03,0.54,0.02,0.47,0.2,0.05,0.03,0.93,1.0,0.0,0.0,0.0,1.0,P00519 P11274,A0A0D1CGS9 P49841 P35968 P11362 P07949 P12931 P00519 P11274 Q16204 P07948 P21802 P22455 P17948 L7RSL3 P16234 P09619 P00533 P22607 P10721 P00523 O43353 P00520 Q01973 Q08345 Q9NWZ3 P29317 Q5S007,O43353 P00519 P00520 P00523 P10721 P11362 P22455 Q01973 Q08345 Q9NWZ3 P29317,,https://www.bindingdb.org/bind/chemsearch/marvin/MolStructure.jsp?monomerid=50322535,https://www.drugbank.ca/drugs/DB08901
DB00881,Quinapril,0,1,BDBM50368166,approved; investigational,0.25,0.01,0.05,0.0,0.0,0.0,0.02,0.03,0.05,0.03,0.05,0.0,0.0,0.0,0.0,1.0,,P12821 P12822 O95342 O15438 O15439,,,https://www.bindingdb.org/bind/chemsearch/marvin/MolStructure.jsp?monomerid=50368166,https://www.drugbank.ca/drugs/DB00881
DB01346,Quinidine barbiturate,1,0,BDBM50198085,approved,0.29,0.37,0.45,0.33,0.06,0.08,0.03,0.43,0.74,0.19,0.14,0.0,0.0,0.0,0.0,1.0,,,,P08172,https://www.bindingdb.org/bind/chemsearch/marvin/MolStructure.jsp?monomerid=50198085,https://www.drugbank.ca/drugs/DB01346
DB11730,Ribociclib,1,0,BDBM148264,approved; investigational,0.43,0.18,0.56,0.12,0.03,0.05,0.41,0.25,0.22,0.09,0.05,1.0,0.0,0.0,0.0,1.0,,P06493 P24941 P11802 Q00534 O60563 P50750 P30281,,,https://www.bindingdb.org/bind/chemsearch/marvin/MolStructure.jsp?monomerid=148264,https://www.drugbank.ca/drugs/DB11730
DB01301,Rolitetracycline,1,0,BDBM92398,approved,0.42,0.51,0.52,0.09,0.05,0.51,0.04,0.5,0.17,0.98,0.09,0.0,0.0,0.0,0.0,1.0,,P61769,,,https://www.bindingdb.org/bind/chemsearch/marvin/MolStructure.jsp?monomerid=92398,https://www.drugbank.ca/drugs/DB01301
DB08877,Ruxolitinib,1,0,BDBM50355501,approved,,0.39,0.44,0.02,0.39,0.01,0.4,0.06,0.05,0.02,0.89,1.0,0.0,0.0,0.0,1.0,O60674 P23458,P23458 O60674 P29597 P52333 P00523,P36888 Q9UF33 O15111 Q96RR4 P10721 P42336 P00533 Q13976 P53355 P06213 P00519 P08581 Q9UQ88 Q9Y6R4 P78362 Q59H18 Q15418 P35916 O75116 Q96GD4 Q09013 O75582 Q15746 Q9UK32 Q9Y616 Q9UEE5 P24723 P07949 Q15349 Q04912 O14757 Q2M2I8 Q9BZL6 P21709 Q5S007 P23458 Q9P2K8 P15056 Q8TDC3 Q9UQM7 P22607 Q6DT37 Q8WXR4 Q8N4C8 P11802 Q13554 P29597 P17948 L7RSL3 P49841 P08631 P35968 P53667 P07948 P42679 Q99759 Q16584 Q02779 P51955 P51956 Q96PY6 Q9UKI8 O94921 O60331 Q9UEW8 Q9UHD2 Q96BR1 Q14164 P14616 O00444 Q9UIK4 Q9UPE1 Q9HC98 Q9BQI3 Q9NRM7 P57058 Q8IYT8 Q9H2G2 Q14680 O60285 Q9UPZ9 Q9Y2H9 Q9Y2H1 Q9UKE5 Q9H0K1 Q9NRP7 Q9NWZ3 Q9UL54 Q9UBE8 Q9H2K8 Q9P289 Q8NEV4 P29323 Q7KZI7 Q9HBH9 Q9NSY1 Q9BX84 Q9NRH2 Q9BVS4 Q9NY57 Q9P0L2 P49840 Q9NQU5 Q8NI60 Q9P286 Q8IU85 Q96NX5 P29322 P57078 Q9HAZ1 Q7L7X3 Q9HCP0 Q9H2X6 P22455 P21802 P11362 Q8TBX8 Q96D53 Q56UN5 P36507 Q9BYT3 Q96L34 Q9BRS2 Q9BXA7 Q8N5S9 P49137 Q8TD19 Q9H1R3 P80192 Q9C098 P9WI81 Q9H3Y6 Q8TDR2 Q13627 Q9NYL2 P28482 P48730 P45984 Q96Q40 Q8WTQ7 Q8NE63 Q13163 O14733 Q8N752 O43318 O95819 Q8NG66 Q86Z02 Q8IY84 Q05397 Q14289 P57059 Q86UX6 Q8NFD2 P54756 Q32MK0 Q99640 P32298 Q6P3R8 P43403 Q16512 P0C1S8 P0C264 Q6XUX3 P61075 Q9Y463 O43283 O15075 Q00535 P42345 O00329 P53350 P51817 O95747 P42684 P31749 P07333 P29320 P16591 P09769 O14976 P06239 Q02156 Q13464 P12931 P35590 P07947 Q9Y243 Q08881 P53671 O15146 Q9H422 P20794 Q99683 Q13882 O94804 Q9Y5S2 Q16620 Q00536 P49759 Q16288 P53778 Q12866 Q13557 Q86UE8 Q13131 O75716 Q00537 Q16832 P37023 Q06187 P52333 P15735 Q15831 Q02763 P08069 Q6ZN16 Q86V86 O96017 P04626 Q07912 P04629 Q86YV6 O96013 Q52WX2 Q8N568 Q15303 Q92918 Q6PHR2 Q04771 Q13705 Q8WU08 Q8IVW4 Q9BUB5 Q99755 O00238 Q13873 Q00526 P50750 P78368 O43293 O75460 O14920 P51617 P27037 P31751 P30530 P51451 P51813 Q16566 P24941 P50613 P48729 P49674 P68400 P19784 Q08345 P21860 P07332 P16234 Q16816 P42338 P54646 Q05655 Q16513 Q04759 Q13237 Q13188 Q13043 Q15569 Q06418 Q86Y07 Q12852 O00506 Q9Y2U5 Q9NYY3 O14578 Q15208 Q13153 Q13177 O75914 P09619 O15530 O00750 P11309 P48736 Q9UBF8 P17612 P22694 P41743 Q15139 P27361 P31152 Q16659 Q13164 P45983 Q15759 P53779 O15264 Q02750 P46734 Q6FI23 P52564 P19525 Q15835 P08922 P45985 Q96SB4 P51957 O76039 P23443 P43405 P42680 P37173 P33981 P42681 P30291 P78356 O75385 Q9Y6E0 Q92630 O14965 Q5VT25 Q8IVH8 Q14012 Q8IW41 O14936 Q14004 Q13546 O43353 O14730 Q13523 Q92772 Q8IWQ3 Q13470 P49761 P49760 Q9H4B4 O94768 P36896 Q9UM73 P36894 P41240 Q9Y6M4 P29317 P54764 P54762 P54753 P54760 O15197 O75747 Q12851 P51812 O95382 O95835 Q9H093 Q8TDX7 P06241 P29376 P42685 Q9UQB9 O60674 O94806 P00523 O08679 P04049 P36897 P38445 P47811 P49336 Q16539 Q9P1W9,P29597 P52333 O60674 P23458,https://www.bindingdb.org/bind/chemsearch/marvin/MolStructure.jsp?monomerid=50355501,https://www.drugbank.ca/drugs/DB08877
DB00360,Sapropterin,1,0,BDBM50373697,approved; investigational,0.27,0.16,0.24,0.05,0.06,0.1,0.01,0.24,0.19,0.42,0.26,0.0,0.0,0.0,0.0,1.0,,,P29476,,https://www.bindingdb.org/bind/chemsearch/marvin/MolStructure.jsp?monomerid=50373697,https://www.drugbank.ca/drugs/DB00360
DB11689,Selumetinib,1,1,BDBM50355497,approved; investigational,0.33,0.69,0.71,0.04,0.69,0.03,0.51,0.4,0.06,0.04,0.97,1.0,0.0,0.0,0.0,1.0,,Q02750,Q6DT37 P00533 Q5S007 P36888 Q59H18 Q9UQM7 P35916 P21709 P00519 Q8TDC3 Q9BZL6 P24723 P10721 Q9UEE5 Q8N4C8 P11802 Q15746 Q09013 Q9Y616 Q15349 O75582 P42336 Q96RR4 P07949 Q9UF33 Q04912 Q9Y6R4 O15111 P06213 P78362 P15056 O14757 Q9UK32 Q15418 Q8WXR4 P22607 Q13554 O75116 P29597 Q96GD4 P08581 Q9UQ88 Q13976 P53355 P23458 Q2M2I8 Q9P2K8 P49759 Q16288 P53778 Q12866 Q9UQB9 Q13557 Q86UE8 Q13131 O75716 Q00537 Q16832 P37023 Q06187 P52333 P15735 Q15831 Q02763 P08069 Q6ZN16 Q86V86 O96017 P04626 Q07912 P04629 Q86YV6 O96013 Q52WX2 Q8N568 Q15303 Q92918 Q6PHR2 Q04771 Q13705 Q8WU08 Q8IVW4 Q9BUB5 Q99755 O00238 Q13873 Q00526 P50750 P78368 O43293 O75460 O14920 P51617 P27037 P31751 P30530 P51451 P51813 Q16566 P29320 P16591 P09769 O14976 P06239 Q02156 Q13464 P12931 P35590 P07947 Q9Y243 P24941 P50613 P48729 P49674 P68400 P19784 Q08345 P21860 P07332 P17948 L7RSL3 P42685 P49841 P08631 P35968 P53667 P07948 P42679 Q99759 Q16584 Q02779 P51955 P51956 Q13153 Q13177 P09619 O15530 O00750 P11309 P48736 Q9UBF8 P17612 P22694 P41743 Q15139 P27361 P31152 Q16659 Q13164 P45983 Q15759 P53779 O15264 Q02750 P46734 Q6FI23 P52564 P19525 Q15835 P08922 P45985 Q96SB4 P51957 O76039 P23443 P43405 P42680 P37173 P33981 P42681 P30291 P78356 O75385 Q9Y6E0 Q92630 O14965 Q5VT25 Q8IVH8 Q14012 Q8IW41 O14936 Q14004 Q13546 O43353 O14730 Q13523 Q92772 Q8IWQ3 Q13470 P49761 P49760 Q9H4B4 O94768 P36896 Q9UM73 P36894 P41240 Q9Y6M4 P29317 P54764 P54762 P54753 P54760 O15197 O75747 Q12851 P51812 O95382 O95835 Q9Y463 O43283 O15075 Q00535 P42345 O60674 O00329 P53350 P51817 O95747 P42684 P31749 P07333 P42338 P54646 Q05655 Q16513 Q04759 Q13237 Q13188 Q13043 Q15569 Q06418 Q86Y07 Q12852 O00506 Q9Y2U5 Q9NYY3 O14578 Q15208 Q96PY6 Q9UKI8 O94921 O60331 Q9UEW8 Q9UHD2 Q96BR1 Q14164 P14616 O00444 Q9UIK4 Q9UPE1 Q9HC98 Q9BQI3 Q9NRM7 P57058 Q8IYT8 Q9H2G2 Q14680 O60285 Q9UPZ9 Q9Y2H9 Q9Y2H1 Q9H0K1 Q9NRP7 Q9NWZ3 Q9UL54 Q9UBE8 Q9H2K8 Q9P289 Q8NEV4 P29323 Q7KZI7 Q9HBH9 Q9BX84 Q9NRH2 Q9BVS4 Q9NY57 Q9P0L2 P49840 Q08881 P53671 O15146 Q9H422 O94806 P20794 Q99683 Q13882 O94804 Q9Y5S2 Q16620 Q00536 P16234 Q16816 Q9NQU5 Q8NI60 Q9P286 Q8IU85 Q96NX5 P29322 P57078 Q9HAZ1 Q7L7X3 Q9HCP0 Q9H2X6 P22455 P21802 P11362 Q8TBX8 Q96D53 Q56UN5 P36507 Q9BYT3 Q9H093 Q96L34 Q9BRS2 Q9BXA7 Q8N5S9 P49137 Q8TD19 Q9H1R3 P80192 Q9C098 P9WI81 Q9H3Y6 Q8TDR2 Q13627 Q8TDX7 Q9NYL2 P28482 P48730 P45984 Q96Q40 Q8WTQ7 Q8NE63 Q13163 O14733 Q8N752 O43318 O95819 Q8NG66 Q86Z02 P06241 Q8IY84 Q05397 Q14289 P57059 Q86UX6 Q8NFD2 P54756 Q32MK0 Q99640 P32298 Q6P3R8 P29376 P43403 Q16512 P0C1S8 P0C264 Q6XUX3 P61075 O75914 Q9UKE5 Q9NSY1 O08679 P04049 P36897 P38445 P47811 P49336 Q16539 Q9P1W9,,https://www.bindingdb.org/bind/chemsearch/marvin/MolStructure.jsp?monomerid=50355497,https://www.drugbank.ca/drugs/DB11689
DB00641,Simvastatin,0,1,BDBM50003240,approved,0.41,0.0,0.04,0.0,0.0,0.0,0.01,0.03,0.05,0.03,0.05,0.0,0.0,0.0,0.0,1.0,,P04035 P51639,,,https://www.bindingdb.org/bind/chemsearch/marvin/MolStructure.jsp?monomerid=50003240,https://www.drugbank.ca/drugs/DB00641
DB00877,Sirolimus,1,1,BDBM50064359,approved; investigational,0.36,0.07,0.48,0.03,0.03,0.01,0.46,0.04,0.05,0.03,0.06,1.0,0.0,1.0,0.0,1.0,,P62942,,,https://www.bindingdb.org/bind/chemsearch/marvin/MolStructure.jsp?monomerid=50064359,https://www.drugbank.ca/drugs/DB00877
DB09099,Somatostatin,0,1,BDBM50097783,approved; investigational,0.08,0.1,0.18,0.02,0.03,0.07,0.03,0.15,0.11,0.4,0.15,0.0,0.0,0.0,0.0,1.0,,,,P30872 P30874 P32745 P31391 P35346 P30875 P30935 P30937,https://www.bindingdb.org/bind/chemsearch/marvin/MolStructure.jsp?monomerid=50097783,https://www.drugbank.ca/drugs/DB09099
DB00398,Sorafenib,1,1,BDBM16673,approved; investigational,0.26,0.61,0.66,0.04,0.61,0.02,0.5,0.32,0.06,0.03,0.92,1.0,0.0,0.0,0.0,1.0,P30989 P15056 P35968,P35968 P35918 P35917 P11511 P10721 P11362 A0A0D1CGS9 P49841 P24941 P15056 P34913 P09619 P07949 P36888 P11802 P24385 Q16832 Q96GD4 P27361 P28482 O14965 P00533 P07333 P00520 P17948 L7RSL3 P54760 Q02763 O95342 P10398 O43353 P35916 P31749 Q05397 P53350 Q5GIT4 P04049 P49336 Q16539 P47811 Q5T4W7,Q96GD4 Q9UQB9 P30530 P50613 P07333 Q08345 Q15375 P54760 P17948 L7RSL3 P36888 P35916 P42685 Q12866 Q9BUB5 Q9HBH9 O15146 P16234 P09619 Q9H2G2 Q9BYT3 P35590 Q02763 P04629 Q16620 Q16288 P35968 P00519 P15056 O14578 P11362 P06239 P07948 Q59H18 Q9NYL2 P42684 P29317 P54764 P29322 P54762 P29323 P21802 O95819 Q9UBE8 Q00537 O94921 O43353 Q9H3Y6 Q9NRP7 Q13470 P33981 Q15759 P53778 O00444 P21709 P22607 Q16832 Q9UF33 Q9UPE1 Q09013 Q8TDR2 Q15349 Q9UM73 Q15746 Q7L7X3 O75582 P57058 Q9UEE5 Q96Q40 P53355 Q15418 O15111 O75385 Q96RR4 Q8IYT8 Q6DT37 Q2M2I8 P29597 Q9UQM7 P23458 Q13554 Q9Y6R4 Q8N4C8 P06213 Q04912 O14757 Q9UQ88 O75116 Q9BZL6 Q9UK32 Q8N568 Q8WXR4 P78362 P24723 P17252 Q8TDC3 Q9Y616 Q13976 P10721 P07949 P08581 P00533 P42336 Q5S007 P11802 Q9P2K8 O43293 P45984 P29320 Q00535 P53667 Q9H1R3 P54756 O94804 Q13557 Q16566 Q8N5S9 P24941 Q00526 Q04771 P36896 P27037 Q13705 P37023 Q8NI60 Q96D53 P31749 P31751 Q9Y243 Q13131 P54646 Q8NFD2 O60285 Q99683 O95382 O14965 Q9NSY1 P51451 P36894 O00238 Q13873 P51813 Q13882 Q8IWQ3 Q06187 Q14012 Q8IU85 Q9H422 Q8NE63 O43318 P45983 P53779 O95835 Q9NRM7 P53671 Q15831 P29376 O43283 P20794 Q6ZN16 Q9Y2U5 Q99759 Q12851 Q8IVH8 P49137 Q8IW41 Q9P0L2 Q7KZI7 Q96L34 Q9Y2H9 Q02750 P36507 P46734 Q6FI23 P45985 P52564 Q14680 P80192 Q02779 Q16584 Q5VT25 Q9Y5S2 Q13043 Q13188 Q9Y6E0 Q9P289 Q8NEV4 Q15208 Q9Y2H1 Q96PY6 P51955 Q6P3R8 Q9HC98 Q8TDX7 Q8TD19 Q8IY84 O95747 Q13153 Q13177 O75914 O96013 Q9NQU5 Q9P286 Q00536 O15530 Q16816 P15735 O00750 O75747 P42338 O00329 P48736 Q9UBF8 P11309 Q86V86 Q99755 P78356 P22694 Q99640 Q16512 Q16513 P53350 Q9NYY3 Q9H4B4 Q05655 Q02156 Q04759 Q15139 O94806 Q13237 P19525 P51817 O43172 Q14289 Q9BRS2 Q9BVS4 O14730 Q13546 P57078 Q13464 P08922 P51812 P23443 Q86YV6 P0C264 P57059 Q9H0K1 Q56UN5 Q9H093 P12931 Q96SB4 O75716 Q9UEW8 P43405 Q9UHD2 P42680 Q15569 P37173 Q9UKI8 Q86UE8 Q9UKE5 Q9H2K2 Q9BXA7 P42681 Q06418 Q6PHR2 P30291 P0C1S8 Q9NY57 Q86UX6 P07947 O00506 P43403 P50750 O76039 O96017 P49759 P49760 P49761 O15197 Q9HAZ1 P48729 P48730 P49674 Q9HCP0 P78368 Q9Y6M4 P68400 P19784 P42679 Q9UIK4 O15075 Q9C098 P80370 O94768 Q13627 Q9Y463 Q92630 P54753 P04626 P21860 Q15303 P27361 P28482 Q16659 P31152 Q13164 O75460 Q05397 P16591 P07332 P22455 P09769 P06241 O14976 Q15835 P32298 Q8WTQ7 P49840 P49841 P08631 Q92918 Q9UPZ9 P08069 O14920 Q14164 Q86Z02 Q9H2X6 O15264 Q9H2K8 P41240 Q92772 Q8IVW4 P14616 P51617 Q08881 O60674 P52333 Q9NWZ3 Q9UL54 Q9BX84 Q9NRH2 Q96NX5 Q8TBX8 P9WI81 Q13163 O14733 Q8N752 Q8NG66 Q32MK0 Q6XUX3 P61075 P42345 Q86Y07 Q12852 O60331 Q96BR1 Q9BQI3 Q8WU08 P51956 P17612 P41743 P51957 O14936 Q14004 Q13523 Q07912 Q52WX2 P11799 P68370 P49336 Q16539 Q5T4W7 P00520 P04049 P47811 O08679 P36897 P38445 Q9P1W9,P53350 Q9NYY3 Q9H4B4 O00444 P15056 P10721 Q9UK32 P35968 P34969 P50406 P47898 P28335 P41595 P08908,https://www.bindingdb.org/bind/chemsearch/marvin/MolStructure.jsp?monomerid=16673,https://www.drugbank.ca/drugs/DB00398
DB00421,Spironolactone,1,0,BDBM200299,approved,0.44,0.16,0.3,0.03,0.04,0.12,0.17,0.16,0.12,0.39,0.12,0.0,0.0,0.0,0.0,1.0,P13569,,,,https://www.bindingdb.org/bind/chemsearch/marvin/MolStructure.jsp?monomerid=200299,https://www.drugbank.ca/drugs/DB00421
DB01268,Sunitinib,1,1,BDBM4814,approved; investigational,0.51,0.21,0.63,0.04,0.17,0.02,0.48,0.3,0.06,0.03,0.27,1.0,0.0,0.0,0.0,1.0,P00519 P11274,P35968 P11362 P09619 P00533 P24941 Q9UHD2 P36888 O14757 Q12809 Q96GD4 P07949 Q9UK17 P15382 P51787 Q13936 Q14524 P07333 P08581 P30530 P22303 P10721 O14965 O96017 Q15418 P51812 Q9UM73 P12931 P06239 P16234 P40989 O15245 O95342 O15438 Q92887 O15439 O96013 P35916 P31749 Q05397 P53350 P00519 P17948 L7RSL3 Q5S007 P34913 P00523 P15735 Q08881 Q8IXJ6 Q92918 Q9NQU5 Q9Y6E0,Q9UM73 O14965 Q96GD4 Q9UQB9 P30530 Q13873 P50613 Q9HAZ1 P07333 Q08345 Q15375 P17948 L7RSL3 P36888 P35916 P42685 Q15391 Q92918 Q8IVH8 Q12866 Q13043 Q13188 O15146 P16234 P09619 Q13546 O75582 Q9H2G2 Q9BYT3 P04629 Q16620 Q16288 P35968 P00519 P51451 O14578 P11362 P09769 P06241 P06239 P07948 P42684 Q13131 Q8NFD2 Q14012 Q16566 Q8N5S9 Q96RR4 P49760 P48730 P49674 P78368 Q9Y6M4 O43293 Q12852 P54762 P16591 P07332 P21802 O14976 P08631 Q08881 O95835 O95819 Q14680 Q9H1R3 Q8WXR4 Q00536 Q00537 O94921 Q04759 Q15139 Q9BZL6 O94806 P19525 Q14289 P57059 P12931 Q9UKE5 Q13470 P33981 P07947 O00506 P36507 O00444 Q05397 O15075 Q8N568 Q9C098 Q9UEE5 Q9Y463 Q32MK0 O75914 Q16816 Q9H093 Q2M2I8 P54646 O60285 Q9NSY1 O14757 P68400 P19784 O94768 P22607 Q14164 Q15831 Q9P0L2 Q7KZI7 Q96L34 Q02750 P80192 Q16584 Q9Y6E0 Q9P289 Q15746 P51955 Q8TDX7 P15735 Q99755 P78356 Q16512 Q16513 Q9BRS2 O14730 Q9H0K1 Q96SB4 P78362 Q86YV6 Q86UE8 Q06418 P30291 Q07912 Q8IU85 Q8N752 Q9UQM7 Q86V86 Q96NX5 O75716 Q8TDC3 Q8IWQ3 Q9HCP0 O96013 Q9NQU5 Q9P286 O15530 Q9UKI8 Q13557 P53355 Q9UIK4 P31751 Q13554 Q9BXA7 P06213 Q9Y2H1 P17252 Q9Y6R4 Q9UF33 Q9NYL2 Q15418 Q9UQ88 Q9UK32 Q15349 O75385 P21709 P29597 Q6DT37 P24723 Q8N4C8 Q09013 Q13976 Q96Q40 P23458 Q9UPE1 Q8IYT8 Q04912 Q9Y616 Q7L7X3 O75116 P57058 Q8TDR2 Q59H18 O15111 P15056 Q9P2K8 P10721 P07949 P00533 P42336 P11802 P08581 Q5S007 Q3U3Q1 Q9JI10 P51812 O94804 P49759 P54760 P54756 O60674 Q9NRM7 O43283 Q9Y2U5 Q99759 Q9Y2H9 Q15208 Q8IY84 O95747 O43172 Q9BVS4 Q13464 Q15835 P32298 Q8WTQ7 Q9H2X6 Q9H422 Q8NE63 Q9UPZ9 P14616 P51617 P23443 Q9UEW8 O43318 Q9H2K8 Q9UHD2 Q6PHR2 Q56UN5 P36896 P27037 Q13705 P37023 Q8NI60 Q96D53 P31749 Q9Y243 Q99683 O95382 P36894 O00238 P51813 Q13882 Q06187 P24941 Q00526 Q00535 P50750 Q8IVW4 O76039 P49761 P41240 P42679 Q16832 Q13627 Q92630 P29317 P54764 P29322 P29323 P54753 Q04771 O15197 O75460 Q92772 P29320 P08069 P52333 P04626 P21860 Q15303 P27361 P28482 Q16659 P31152 Q13164 P22455 P49840 P49841 Q86Z02 O14920 P45983 P45984 P53779 P53667 P53671 P20794 Q12851 P49137 Q8IW41 P46734 Q6FI23 P45985 P52564 Q9BUB5 Q9HBH9 Q02779 Q5VT25 Q9Y5S2 Q8NEV4 Q96PY6 Q6P3R8 Q9HC98 Q8TD19 Q9UBE8 Q15759 O15264 P53778 Q13153 Q13177 O00750 O75747 P42338 O00329 P48736 Q9UBF8 P11309 P22694 Q99640 P53350 Q9H4B4 Q05655 Q02156 P29376 Q6ZN16 Q9NYY3 P57078 P0C264 Q9H2K2 Q13237 P51817 O43353 P08922 Q9H3Y6 Q9NRP7 P43405 P42680 Q15569 P37173 O96017 P48729 P80370 P35590 Q02763 P42681 P0C1S8 Q9NY57 Q86UX6 P43403 Q8NG66 Q6XUX3 P61075 Q9BQI3 Q9NWZ3 Q9UL54 Q9BX84 Q9NRH2 Q8TBX8 P9WI81 Q13163 O14733 Q52WX2 Q8WU08 P51956 P17612 P41743 P51957 O14936 Q14004 Q13523 P42345 Q86Y07 O60331 Q96BR1 P11799 P68370 Q5T4W7 P00520 O08679 Q9P1W9 P04049 P36897 P38445 P47811 P49336 Q16539,P53350 Q9NYY3 Q9H4B4 O00444 P10721 Q9P2K8 O60674 P52333 P29597 P23458 Q15418 Q15349 P51812 Q9UK32 O75582 P17948 L7RSL3 P09619 P35968 P35916 O96013 Q9NQU5 Q9P286 P15735 P24941 Q08881 Q92918 Q9Y6E0,https://www.bindingdb.org/bind/chemsearch/marvin/MolStructure.jsp?monomerid=4814,https://www.drugbank.ca/drugs/DB01268
DB00864,Tacrolimus,1,1,BDBM257528,approved; investigational,0.45,0.08,0.47,0.03,0.03,0.03,0.43,0.06,0.07,0.05,0.07,0.0,0.0,0.0,0.0,1.0,,,,P62942,https://www.bindingdb.org/bind/chemsearch/marvin/MolStructure.jsp?monomerid=257528,https://www.drugbank.ca/drugs/DB00864
DB00775,Tirofiban,1,1,BDBM50004058,approved,0.38,0.61,0.62,0.04,0.61,0.02,0.42,0.35,0.06,0.03,0.99,0.0,0.0,0.0,0.0,1.0,P08514 P05106,P08514 P05106 P06756 P17301 P08648 P05556,P08514 P05106,,https://www.bindingdb.org/bind/chemsearch/marvin/MolStructure.jsp?monomerid=50004058,https://www.drugbank.ca/drugs/DB00775
DB08895,Tofacitinib,1,0,BDBM50273894,approved; investigational,0.46,0.45,0.57,0.12,0.36,0.16,0.37,0.31,0.21,0.29,0.63,1.0,0.0,1.0,0.0,1.0,,,P52333 O60674 Q13043 Q13188,,https://www.bindingdb.org/bind/chemsearch/marvin/MolStructure.jsp?monomerid=50273894,https://www.drugbank.ca/drugs/DB08895
DB01030,Topotecan,1,1,BDBM50008935,approved; investigational,0.44,0.19,0.19,0.02,0.01,0.19,0.08,0.12,0.09,1.0,0.05,0.0,0.0,0.0,0.0,1.0,P13569 P11387,P11387 Q04750 Q16665 Q86VL8 Q96FL8 O15244,P11387,,https://www.bindingdb.org/bind/chemsearch/marvin/MolStructure.jsp?monomerid=50008935,https://www.drugbank.ca/drugs/DB01030
DB05109,Trabectedin,1,1,BDBM50370993,approved; investigational,0.21,0.26,0.68,0.06,0.21,0.02,0.56,0.27,0.08,0.03,0.31,0.0,0.0,0.0,0.0,1.0,,P12931,,,https://www.bindingdb.org/bind/chemsearch/marvin/MolStructure.jsp?monomerid=50370993,https://www.drugbank.ca/drugs/DB05109
DB05294,Vandetanib,1,1,BDBM21,approved,0.39,0.33,0.7,0.29,0.05,0.02,0.54,0.35,0.41,0.03,0.07,1.0,0.0,0.0,0.0,1.0,,P17948 L7RSL3 P35968 P11362 P00533 P00519 P12931 P10721 Q02763 P09619 P35916 P07949 Q13547 O15379 Q9BY41 Q92769 Q969S8 Q9UBN7 Q96DB2 Q8WUI4 P56524 Q9UQL6 Q9UKV0 P33176 P08069 P06493 P07333 Q04912,Q9UM73 Q9UQB9 P30530 P07333 Q08345 Q15375 P54760 P17948 L7RSL3 P36888 P35916 P42685 Q8IVH8 Q12866 P08581 Q9BUB5 Q9HBH9 P16234 P09619 Q9H2G2 Q9BYT3 P35590 Q02763 P35968 P00519 P51451 O14578 P00533 P11362 P09769 P06241 P06239 P07948 Q13882 Q59H18 Q9NYL2 P42684 P41240 P49674 P29317 P54764 P54756 P29322 P54762 P29323 P21802 O14976 P08631 O95819 O43353 P57059 P12931 Q9H3Y6 Q15569 Q9UKE5 P07947 P04626 Q15303 P36507 O00444 Q6DT37 P21709 Q5VT25 Q9Y5S2 Q16659 Q16816 P22607 Q02750 Q9H0K1 Q06418 Q04771 Q8NI60 Q96D53 P42681 Q9Y6R4 Q9UF33 Q2M2I8 O75582 Q96GD4 O15111 P11802 Q96RR4 O14757 Q13976 Q9P2K8 Q04912 Q9UK32 P42336 P10721 Q8WXR4 Q8TDC3 P06213 Q8N4C8 Q09013 P15056 P23458 Q15349 Q9Y616 Q15418 Q5S007 O75116 P07949 Q15746 Q9UQM7 P78362 Q9BZL6 Q13554 Q9UQ88 Q9UEE5 P24723 P53355 P29597 O43293 P15735 Q13131 P29320 O94804 Q8NG66 Q86Z02 Q8IY84 Q05397 Q14289 Q86UX6 Q8NFD2 Q32MK0 Q99640 P32298 Q6P3R8 P29376 P43403 Q16512 P0C1S8 Q6XUX3 P61075 O15197 O75747 Q12851 P51812 O95382 O95835 Q9Y463 O43283 O15075 Q00535 P42345 O60674 O00329 P53350 P51817 O95747 P49759 Q16288 P53778 Q13557 Q86UE8 O75716 Q00537 Q16832 P37023 Q06187 P52333 Q15831 P08069 Q6ZN16 Q86V86 O96017 Q07912 P04629 Q86YV6 O96013 Q52WX2 Q8N568 Q92918 Q6PHR2 Q13705 Q8WU08 Q8IVW4 Q99755 O00238 Q13873 Q00526 P50750 P78368 O75460 O14920 P51617 P27037 P31751 P51813 Q16566 P24941 P50613 P48729 P68400 P19784 P21860 P07332 P49841 P53667 P42679 Q99759 Q16584 Q02779 P51955 P51956 Q13153 Q13177 O75914 O15530 O00750 P11309 P48736 Q9UBF8 P17612 P22694 P41743 Q15139 P27361 P31152 Q13164 P45983 Q15759 P53779 O15264 P46734 Q6FI23 P52564 P19525 Q15835 P08922 P45985 Q96SB4 P51957 O76039 P23443 P43405 P42680 P37173 P33981 P30291 P78356 O75385 Q9Y6E0 Q92630 O14965 Q14012 Q8IW41 O14936 Q14004 Q13546 O14730 Q13523 Q92772 Q8IWQ3 Q13470 P49761 P49760 Q9H4B4 O94768 P36896 P36894 Q9Y6M4 P54753 P31749 P16591 Q02156 Q13464 Q9Y243 Q08881 P53671 O15146 Q9H422 O94806 P20794 Q99683 Q16620 Q00536 P42338 P54646 Q05655 Q16513 Q04759 Q13237 Q13188 Q13043 Q86Y07 Q12852 O00506 Q9Y2U5 Q9NYY3 Q15208 Q96PY6 Q9UKI8 O94921 O60331 Q9UHD2 Q96BR1 Q14164 P14616 Q9UIK4 Q9UPE1 Q9HC98 Q9BQI3 Q9NRM7 P57058 Q8IYT8 Q14680 O60285 Q9UPZ9 Q9Y2H9 Q9Y2H1 Q9NRP7 Q9NWZ3 Q9UL54 Q9UBE8 Q9H2K8 Q9P289 Q8NEV4 Q7KZI7 Q9NSY1 Q9BX84 Q9NRH2 Q9BVS4 Q9NY57 Q9P0L2 P49840 Q9NQU5 Q9P286 Q8IU85 Q96NX5 P57078 Q9HAZ1 Q7L7X3 Q9HCP0 Q9H2X6 P22455 Q8TBX8 Q56UN5 Q9H093 Q96L34 Q9BRS2 Q9BXA7 Q8N5S9 P49137 Q8TD19 Q9H1R3 P80192 Q9C098 P9WI81 Q8TDR2 Q13627 Q8TDX7 P28482 P48730 P45984 Q96Q40 Q8WTQ7 Q8NE63 Q13163 O14733 Q8N752 O43318 P0C264 Q9UEW8 P11799 P68370 P00520 Q5T4W7 O08679 P04049 P36897 P38445 P47811 P49336 Q16539 Q9P1W9,P10721 Q9UK32 Q15418 Q72874 G0X8E8 O92139 P03366 P03367 P03369 P04585 P04587 P07949 P0C6F2 P12499 Q4VE97 Q5RZ09 Q7ZCI0 Q8Q3H0 Q903J0 Q994Q3 Q9Q288 Q9Q2G8,https://www.bindingdb.org/bind/chemsearch/marvin/MolStructure.jsp?monomerid=21,https://www.drugbank.ca/drugs/DB05294
DB08881,Vemurafenib,1,1,BDBM50396483,approved,0.39,0.68,0.7,0.04,0.68,0.02,0.43,0.47,0.05,0.03,0.98,1.0,0.0,0.0,0.0,1.0,P11229 P08172 P20309 P15056 P22830,P00533 P15056 P35968 P10398 Q00613 P04049 Q9NYL2,P15056 P22830 Q9NYL2,,https://www.bindingdb.org/bind/chemsearch/marvin/MolStructure.jsp?monomerid=50396483,https://www.drugbank.ca/drugs/DB08881
DB00162,Vitamin A,0,1,BDBM50092056,approved; nutraceutical; vet_approved,0.65,0.08,0.19,0.02,0.04,0.03,0.05,0.15,0.12,0.17,0.18,0.0,0.0,0.0,0.0,1.0,,,P02754,,https://www.bindingdb.org/bind/chemsearch/marvin/MolStructure.jsp?monomerid=50092056,https://www.drugbank.ca/drugs/DB00162
DB00163,Vitamin E,0,1,,,,,,,,,,,,,,,,,,,,,,,,https://www.drugbank.ca/drugs/DB00163
DB01593,Zinc,1,1,BDBM50259154,approved; investigational,,0.13,0.68,0.07,0.04,0.03,0.6,0.21,0.1,0.05,0.06,0.0,0.0,0.0,0.0,1.0,,P49841,,,https://www.bindingdb.org/bind/chemsearch/marvin/MolStructure.jsp?monomerid=50259154,https://www.drugbank.ca/drugs/DB01593
DB06744,ginkgolide-B,0,1,BDBM50070319,nutraceutical,0.54,0.01,0.06,0.0,0.0,0.0,0.03,0.04,0.06,0.04,0.06,0.0,0.0,0.0,0.0,1.0,,,,P25105,https://www.bindingdb.org/bind/chemsearch/marvin/MolStructure.jsp?monomerid=50070319,https://www.drugbank.ca/drugs/DB06744
DB06745,ginkgolide-C,0,1,BDBM50123641,nutraceutical,0.54,0.01,0.06,0.0,0.0,0.0,0.02,0.04,0.06,0.04,0.07,0.0,0.0,0.0,0.0,1.0,,,,P21556,https://www.bindingdb.org/bind/chemsearch/marvin/MolStructure.jsp?monomerid=50123641,https://www.drugbank.ca/drugs/DB06745
DB06747,ginkgolide-M,0,1,BDBM50411311,nutraceutical,0.55,0.0,0.04,0.0,0.0,0.0,0.01,0.03,0.05,0.03,0.05,0.0,0.0,0.0,0.0,1.0,,P23415 P23416,,,https://www.bindingdb.org/bind/chemsearch/marvin/MolStructure.jsp?monomerid=50411311,https://www.drugbank.ca/drugs/DB06747
